Company,TypeName,Inches,Ram,Weight,Touchscreen,IPS,PPI,Cpu_brand,HDD,SSD,Gpu_brand,Gpu_name,OpSys,Price
HP,Netbook,15.8,16,1.4,0,0,203.9,Intel Core i7,0,512,Nvidia GeForce,Nvidia GeForce RTX 3060,No OS,85200.0
Dell,Notebook,14.6,8,1.19,1,0,110.9,Intel Core i7,2048,256,AMD Radeon,AMD Radeon Vega 8,Windows,70500.0
Dell,Notebook,17.0,64,2.64,0,0,182.1,Intel Core i5,0,256,Intel Integrated,Intel Iris Xe Graphics,Windows,103600.0
Lenovo,Notebook,14.8,4,2.7,0,0,211.2,Intel Core i7,500,256,AMD Radeon,AMD Radeon RX 6500M,Windows,59100.0
HP,Notebook,16.3,8,1.63,0,0,196.3,Intel Core i3,1024,2048,Intel Integrated,Intel Iris Xe Graphics,Windows,69400.0
Acer,Gaming,16.9,16,2.84,1,0,111.4,Intel Core i5,500,512,AMD Radeon,AMD Radeon RX 6500M,Linux,72500.0
Lenovo,Notebook,15.7,16,2.17,0,0,162.7,Intel Core i5,0,128,Intel Integrated,Intel UHD Graphics,Windows,60300.0
Dell,Gaming,14.7,8,2.89,0,1,205.7,Intel Core i7,0,256,AMD Radeon,AMD Radeon RX 6500M,Linux,86800.0
HP,Notebook,13.6,32,1.62,0,0,142.3,Intel Core i5,0,256,AMD Radeon,AMD Radeon Vega 8,Windows,69400.0
HP,Ultrabook,15.6,8,2.95,1,0,159.7,Intel Core i5,0,256,AMD Radeon,AMD Radeon RX 6500M,Windows,64900.0
Dell,Notebook,15.2,16,2.11,0,1,171.1,Intel Core i3,0,256,Nvidia GeForce,Nvidia GeForce RTX 4060,Windows,81100.0
Dell,2 in 1 Convertible,13.4,8,1.18,0,1,102.0,Intel Core i7,500,256,Intel Integrated,Intel UHD Graphics,Windows,76500.0
Lenovo,2 in 1 Convertible,15.5,16,1.5,0,1,127.4,Intel Core i5,0,2048,Intel Integrated,Intel UHD Graphics,Windows,79800.0
HP,Gaming,16.7,32,2.58,0,0,119.4,AMD Ryzen 5,0,512,Intel Integrated,Intel UHD Graphics,No OS,85700.0
HP,Notebook,14.4,8,2.99,0,0,159.3,Intel Core i5,500,256,Nvidia GeForce,Nvidia GeForce MX450,Windows,58100.0
HP,Ultrabook,17.2,16,2.82,0,0,177.4,Intel Core i7,0,1024,AMD Radeon,AMD Radeon RX 6600M,Mac,91300.0
Dell,Netbook,14.3,8,2.78,0,1,139.7,Intel Core i7,2048,512,Intel Integrated,Intel UHD Graphics,Windows,59000.0
Dell,Ultrabook,16.9,16,2.18,0,1,218.8,Intel Core i3,1024,512,Nvidia GeForce,Nvidia GeForce MX450,Windows,77000.0
Asus,Ultrabook,13.3,8,1.59,0,0,100.6,Intel Core i7,0,256,Intel Integrated,Intel Iris Xe Graphics,Linux,61000.0
Dell,Ultrabook,11.8,16,2.13,0,1,103.7,Intel Core i3,0,1024,Intel Integrated,Intel UHD Graphics,Linux,58900.0
HP,Netbook,14.2,32,1.47,0,1,116.6,Intel Core i3,500,2048,Intel Integrated,Intel Iris Xe Graphics,Windows,77100.0
Dell,Netbook,16.4,16,1.88,0,0,130.0,Intel Core i7,500,512,Intel Integrated,Intel Iris Xe Graphics,Windows,64700.0
Asus,Ultrabook,15.8,4,2.18,0,0,141.0,Intel Core i3,0,128,Nvidia GeForce,Nvidia GeForce RTX 4060,Windows,72900.0
Lenovo,Notebook,14.1,8,2.27,0,0,145.0,Intel Core i7,1024,512,Nvidia GeForce,Nvidia GeForce RTX 3060,Windows,77600.0
MSI,2 in 1 Convertible,16.5,16,2.62,0,1,115.4,AMD Ryzen 5,500,1024,Nvidia GeForce,Nvidia GeForce GTX 1650,Windows,83300.0
HP,Notebook,15.1,8,2.35,0,1,140.9,Intel Core i5,500,512,Intel Integrated,Intel UHD Graphics,Linux,45600.0
Acer,2 in 1 Convertible,13.2,8,2.53,1,1,149.5,Intel Core i5,0,1024,Nvidia GeForce,Nvidia GeForce RTX 4060,Windows,97900.0
HP,Notebook,14.6,16,1.84,0,0,106.4,AMD Ryzen 7,0,1024,Nvidia GeForce,Nvidia GeForce RTX 3060,Windows,90400.0
Asus,Ultrabook,13.3,8,2.38,0,1,194.8,Intel Core i3,0,512,AMD Radeon,AMD Radeon Vega 8,Windows,65900.0
MSI,Gaming,16.4,32,2.69,0,0,147.6,AMD Ryzen 5,0,256,Intel Integrated,Intel Iris Xe Graphics,Windows,98000.0
HP,2 in 1 Convertible,17.0,64,2.53,0,0,193.3,Intel Core i7,1024,512,Intel Integrated,Intel UHD Graphics,Windows,127000.0
Acer,Gaming,16.3,16,2.39,0,0,157.3,Intel Core i3,0,512,Nvidia GeForce,Nvidia GeForce RTX 4060,No OS,79400.0
Dell,2 in 1 Convertible,14.6,64,1.24,0,1,162.8,Intel Core i7,0,512,AMD Radeon,AMD Radeon RX 6500M,Windows,130300.0
MSI,Notebook,13.8,8,1.74,0,1,146.6,Intel Core i5,0,256,Intel Integrated,Intel UHD Graphics,Windows,58400.0
Lenovo,Notebook,16.2,16,1.41,1,1,214.0,Intel Core i7,0,512,Nvidia GeForce,Nvidia GeForce GTX 1650,Windows,84700.0
Acer,Ultrabook,17.2,8,2.52,0,1,168.3,Intel Core i3,0,128,Intel Integrated,Intel UHD Graphics,Linux,40500.0
Acer,Netbook,17.3,16,2.56,1,1,129.7,Intel Core i5,2048,256,AMD Radeon,AMD Radeon RX 6500M,Linux,41200.0
Acer,Notebook,16.3,64,1.27,0,1,157.6,Intel Core i5,500,1024,Nvidia GeForce,Nvidia GeForce RTX 3060,No OS,120500.0
Asus,Gaming,14.8,4,2.48,0,0,209.3,Intel Core i5,500,512,Nvidia GeForce,Nvidia GeForce GTX 1650,No OS,65400.0
Lenovo,Netbook,14.4,8,2.3,0,0,115.5,Intel Core i3,0,256,AMD Radeon,AMD Radeon Vega 8,Linux,28200.0
Lenovo,Gaming,12.6,8,1.18,0,0,121.2,Intel Core i3,0,256,Intel Integrated,Intel Iris Xe Graphics,Windows,55600.0
Dell,Ultrabook,15.5,16,1.4,0,0,204.2,Intel Core i3,2048,512,AMD Radeon,AMD Radeon RX 6500M,Windows,70800.0
Acer,Ultrabook,15.7,4,1.38,0,1,201.3,Intel Core i7,1024,128,Intel Integrated,Intel UHD Graphics,Windows,65300.0
Dell,Notebook,12.8,8,1.33,1,1,181.5,AMD Ryzen 5,0,512,AMD Radeon,AMD Radeon RX 6500M,Windows,58200.0
Asus,Ultrabook,13.8,8,2.81,0,0,159.8,Intel Core i5,0,1024,Intel Integrated,Intel Iris Xe Graphics,Windows,68000.0
HP,Notebook,16.7,4,2.1,0,1,113.4,Intel Core i5,1024,2048,Nvidia GeForce,Nvidia GeForce MX450,Windows,67400.0
Asus,2 in 1 Convertible,15.7,16,2.01,1,0,216.2,Intel Core i7,500,256,AMD Radeon,AMD Radeon Vega 8,Windows,83100.0
Dell,Ultrabook,14.6,4,1.74,0,0,218.8,Intel Core i5,0,1024,Nvidia GeForce,Nvidia GeForce MX450,Windows,66400.0
Lenovo,Gaming,16.1,8,2.72,0,0,212.0,AMD Ryzen 7,0,256,Nvidia GeForce,Nvidia GeForce RTX 3060,Linux,94900.0
HP,Notebook,12.5,32,2.36,0,0,205.3,Intel Core i5,0,1024,Intel Integrated,Intel UHD Graphics,Windows,77900.0
Lenovo,Ultrabook,14.9,8,1.84,0,0,127.5,Intel Core i7,0,512,Nvidia GeForce,Nvidia GeForce GTX 1650,Windows,80900.0
Lenovo,2 in 1 Convertible,16.1,8,1.69,0,1,104.0,Intel Core i7,1024,1024,Intel Integrated,Intel Iris Xe Graphics,Windows,83400.0
HP,Ultrabook,15.0,16,2.13,0,0,192.6,Intel Core i3,500,512,Nvidia GeForce,Nvidia GeForce RTX 3050,Windows,70400.0
Lenovo,2 in 1 Convertible,12.5,16,2.06,0,0,204.7,AMD Ryzen 7,500,512,Nvidia GeForce,Nvidia GeForce GTX 1650,Mac,87400.0
HP,Notebook,12.0,8,2.7,1,0,128.3,Intel Core i5,1024,256,Intel Integrated,Intel Iris Xe Graphics,Windows,44300.0
Dell,Notebook,16.2,4,1.73,0,0,210.4,Intel Core i5,500,256,AMD Radeon,AMD Radeon RX 6600M,Windows,64500.0
Apple,Notebook,14.9,8,1.16,0,1,133.3,Intel Core i5,0,256,Nvidia GeForce,Nvidia GeForce MX450,Windows,90500.0
MSI,Ultrabook,15.0,4,2.52,0,1,124.6,Intel Core i5,0,128,AMD Radeon,AMD Radeon RX 6500M,Windows,66300.0
Asus,Ultrabook,14.6,16,2.04,0,0,140.1,Intel Core i3,0,1024,Nvidia GeForce,Nvidia GeForce GTX 1650,Windows,78400.0
Dell,Notebook,12.9,16,1.14,0,1,121.4,Intel Core i7,0,256,Intel Integrated,Intel Iris Xe Graphics,Windows,74300.0
Acer,Netbook,17.0,8,1.87,0,0,176.0,Intel Core i7,0,1024,Nvidia GeForce,Nvidia GeForce RTX 4060,Windows,81900.0
HP,Ultrabook,13.1,16,1.88,0,0,135.3,AMD Ryzen 7,0,1024,Nvidia GeForce,Nvidia GeForce RTX 3050,Linux,88400.0
Acer,Ultrabook,11.7,8,2.13,0,0,116.7,AMD Ryzen 5,0,2048,Intel Integrated,Intel UHD Graphics,Windows,73700.0
Acer,Ultrabook,12.0,8,2.05,0,0,116.8,Intel Core i5,500,256,Intel Integrated,Intel UHD Graphics,Windows,59100.0
Dell,2 in 1 Convertible,14.0,8,2.09,0,0,188.6,Intel Core i3,0,512,Intel Integrated,Intel Iris Xe Graphics,Windows,56100.0
Asus,2 in 1 Convertible,13.9,64,1.36,0,0,164.8,Intel Core i5,1024,1024,Nvidia GeForce,Nvidia GeForce RTX 3050,Windows,134200.0
Acer,Notebook,12.0,16,2.04,0,0,129.6,AMD Ryzen 5,500,1024,Intel Integrated,Intel Iris Xe Graphics,Windows,64000.0
MSI,Gaming,15.5,16,1.26,1,1,176.7,AMD Ryzen 5,500,512,Nvidia GeForce,Nvidia GeForce GTX 1650,Windows,99500.0
HP,Netbook,17.0,4,2.44,1,0,168.2,AMD Ryzen 7,500,128,Intel Integrated,Intel Iris Xe Graphics,Windows,55100.0
Acer,Notebook,14.2,16,2.32,0,0,167.3,Intel Core i5,0,1024,Intel Integrated,Intel UHD Graphics,Windows,58500.0
HP,Ultrabook,16.1,8,2.29,1,1,128.0,Intel Core i3,0,1024,Nvidia GeForce,Nvidia GeForce RTX 4060,Windows,101800.0
HP,Notebook,12.1,8,2.09,0,0,156.1,Intel Core i5,500,1024,AMD Radeon,AMD Radeon Vega 8,Linux,50800.0
Dell,Notebook,13.8,8,2.92,0,0,170.6,AMD Ryzen 7,500,1024,Nvidia GeForce,Nvidia GeForce GTX 1650,Windows,73700.0
Asus,Ultrabook,12.9,8,1.52,0,1,142.0,Intel Core i3,1024,2048,Nvidia GeForce,Nvidia GeForce GTX 1650,Windows,87200.0
HP,Ultrabook,14.4,64,2.81,0,1,189.7,Intel Core i3,1024,1024,AMD Radeon,AMD Radeon RX 6600M,Windows,121800.0
Apple,Notebook,13.5,32,2.5,0,0,100.6,Intel Core i7,0,128,Nvidia GeForce,Nvidia GeForce RTX 4060,Linux,139100.0
MSI,Notebook,16.6,16,2.82,0,1,165.3,AMD Ryzen 5,0,512,Nvidia GeForce,Nvidia GeForce RTX 3060,Linux,85000.0
Acer,Gaming,15.5,16,2.53,0,1,204.6,Intel Core i3,0,1024,Intel Integrated,Intel Iris Xe Graphics,Linux,78200.0
Dell,Ultrabook,15.9,8,1.47,0,0,167.2,Intel Core i3,0,256,Nvidia GeForce,Nvidia GeForce RTX 3050,Mac,66900.0
HP,Gaming,16.9,8,2.88,0,0,136.1,Intel Core i7,500,128,Intel Integrated,Intel Iris Xe Graphics,Windows,75400.0
Apple,Netbook,15.5,8,2.33,0,0,107.9,AMD Ryzen 5,1024,256,Intel Integrated,Intel UHD Graphics,Windows,75200.0
Dell,Gaming,15.6,8,1.26,0,1,132.8,AMD Ryzen 7,0,256,Nvidia GeForce,Nvidia GeForce RTX 4060,Windows,96700.0
HP,Notebook,17.2,8,2.8,0,0,103.7,Intel Core i7,1024,256,AMD Radeon,AMD Radeon RX 6500M,Windows,65500.0
Dell,Gaming,13.3,32,2.94,0,0,100.1,Intel Core i7,0,512,AMD Radeon,AMD Radeon Vega 8,Windows,88300.0
Asus,Notebook,15.0,8,2.97,0,0,181.7,Intel Core i5,500,2048,Nvidia GeForce,Nvidia GeForce MX450,Linux,66000.0
HP,Netbook,12.4,16,2.27,0,1,101.2,Intel Core i5,0,512,Intel Integrated,Intel UHD Graphics,Linux,47200.0
HP,Notebook,17.2,8,2.42,1,0,180.4,AMD Ryzen 7,1024,256,AMD Radeon,AMD Radeon Vega 8,Windows,66900.0
Apple,Gaming,16.2,8,2.65,0,1,165.7,AMD Ryzen 5,500,512,AMD Radeon,AMD Radeon RX 6500M,Windows,119900.0
Asus,Ultrabook,15.3,16,2.27,0,0,189.3,AMD Ryzen 5,0,512,Intel Integrated,Intel Iris Xe Graphics,Windows,72300.0
Dell,Gaming,12.0,4,1.59,0,1,187.3,Intel Core i7,0,512,Intel Integrated,Intel Iris Xe Graphics,Windows,85200.0
Lenovo,Ultrabook,15.0,4,1.85,0,1,195.2,Intel Core i7,0,2048,Intel Integrated,Intel UHD Graphics,Windows,97800.0
Dell,Gaming,16.8,8,1.55,1,0,202.5,Intel Core i5,1024,256,Intel Integrated,Intel Iris Xe Graphics,Windows,82400.0
Asus,Notebook,15.3,8,1.86,1,0,170.6,Intel Core i7,0,256,Intel Integrated,Intel Iris Xe Graphics,Windows,64200.0
HP,2 in 1 Convertible,14.1,8,2.27,0,0,120.1,Intel Core i3,500,512,AMD Radeon,AMD Radeon Vega 8,Windows,42700.0
Lenovo,2 in 1 Convertible,14.8,16,1.16,1,0,127.7,Intel Core i3,0,512,Intel Integrated,Intel UHD Graphics,Windows,58300.0
Dell,Netbook,17.1,4,2.91,0,1,154.6,Intel Core i7,500,512,Intel Integrated,Intel Iris Xe Graphics,Windows,56800.0
Dell,2 in 1 Convertible,15.8,8,1.46,0,0,128.1,AMD Ryzen 7,500,256,Nvidia GeForce,Nvidia GeForce RTX 3050,Windows,87000.0
Apple,Ultrabook,11.8,32,2.41,0,0,179.1,Intel Core i5,0,512,Nvidia GeForce,Nvidia GeForce GTX 1650,Windows,133500.0
HP,2 in 1 Convertible,17.3,16,1.27,0,0,178.1,AMD Ryzen 5,0,1024,Nvidia GeForce,Nvidia GeForce RTX 4060,Mac,102300.0
Dell,Ultrabook,11.6,8,1.8,0,1,146.6,Intel Core i5,0,256,Intel Integrated,Intel Iris Xe Graphics,Windows,63500.0
Dell,Gaming,15.9,16,2.13,1,1,209.7,AMD Ryzen 5,0,256,AMD Radeon,AMD Radeon RX 6600M,Windows,98000.0
Acer,Gaming,17.0,4,1.47,0,1,207.8,Intel Core i5,0,1024,Nvidia GeForce,Nvidia GeForce RTX 3050,Windows,91600.0
Lenovo,Notebook,13.2,8,2.63,0,0,173.2,Intel Core i7,0,256,Intel Integrated,Intel UHD Graphics,Windows,58700.0
Dell,Notebook,16.1,8,2.84,0,0,197.9,Intel Core i5,0,512,Intel Integrated,Intel Iris Xe Graphics,Mac,53200.0
Apple,Notebook,12.8,16,1.88,1,1,142.4,Intel Core i5,0,1024,Nvidia GeForce,Nvidia GeForce RTX 3060,Windows,132400.0
Dell,Ultrabook,12.5,8,2.75,0,0,121.4,Intel Core i5,0,256,AMD Radeon,AMD Radeon Vega 8,Windows,59800.0
Asus,Ultrabook,17.2,8,2.42,0,0,186.1,Intel Core i7,0,2048,Intel Integrated,Intel Iris Xe Graphics,Windows,94600.0
HP,Gaming,15.0,8,1.8,0,1,153.1,AMD Ryzen 5,0,512,AMD Radeon,AMD Radeon RX 6500M,Windows,77000.0
Asus,Notebook,14.2,8,1.2,0,0,219.5,Intel Core i5,500,256,Intel Integrated,Intel UHD Graphics,Windows,49300.0
Lenovo,Notebook,14.2,16,1.76,0,1,211.3,Intel Core i5,0,256,Nvidia GeForce,Nvidia GeForce RTX 3060,Windows,83200.0
Asus,Notebook,13.1,16,2.74,0,0,119.1,Intel Core i3,0,256,Intel Integrated,Intel UHD Graphics,Windows,43500.0
HP,Notebook,14.1,16,2.08,1,0,219.1,AMD Ryzen 5,1024,256,Intel Integrated,Intel Iris Xe Graphics,Windows,66500.0
Asus,Ultrabook,15.7,8,1.5,1,0,102.7,Intel Core i5,2048,256,AMD Radeon,AMD Radeon RX 6500M,Linux,66300.0
Asus,Gaming,12.6,16,1.86,0,0,108.2,Intel Core i3,2048,256,AMD Radeon,AMD Radeon Vega 8,No OS,65200.0
Apple,Notebook,16.5,4,1.13,0,0,146.4,Intel Core i7,0,256,AMD Radeon,AMD Radeon RX 6500M,Windows,98200.0
Dell,Notebook,12.2,16,1.22,0,1,197.7,Intel Core i7,500,256,AMD Radeon,AMD Radeon RX 6600M,Windows,80000.0
Acer,Ultrabook,15.3,8,2.1,0,0,146.4,AMD Ryzen 7,0,256,Intel Integrated,Intel Iris Xe Graphics,Windows,61400.0
Lenovo,Notebook,11.7,8,2.95,1,1,158.5,Intel Core i3,0,512,Nvidia GeForce,Nvidia GeForce RTX 4060,Windows,76600.0
Dell,Notebook,15.8,16,1.81,0,0,194.2,AMD Ryzen 5,1024,2048,Intel Integrated,Intel UHD Graphics,Mac,76800.0
MSI,Notebook,16.1,32,2.04,0,0,127.2,AMD Ryzen 5,1024,512,Intel Integrated,Intel Iris Xe Graphics,Windows,79700.0
Asus,Notebook,12.1,16,1.24,0,0,214.8,Intel Core i7,0,256,Intel Integrated,Intel UHD Graphics,No OS,60700.0
Lenovo,Ultrabook,16.3,4,1.91,0,0,207.9,AMD Ryzen 5,2048,256,Nvidia GeForce,Nvidia GeForce RTX 3050,Windows,80800.0
Asus,Gaming,15.3,16,1.18,1,1,135.1,AMD Ryzen 7,500,512,Nvidia GeForce,Nvidia GeForce RTX 3060,Windows,108200.0
HP,Ultrabook,13.8,8,1.62,1,1,159.5,Intel Core i3,500,2048,Intel Integrated,Intel UHD Graphics,Linux,77400.0
Apple,Notebook,15.9,16,2.7,0,1,178.7,Intel Core i5,2048,512,Nvidia GeForce,Nvidia GeForce RTX 4060,Windows,134800.0
Dell,Netbook,14.4,8,1.75,0,1,189.2,Intel Core i7,0,256,Intel Integrated,Intel Iris Xe Graphics,Windows,57400.0
Acer,Notebook,14.2,4,1.57,0,1,111.9,Intel Core i5,0,1024,AMD Radeon,AMD Radeon RX 6500M,Windows,52300.0
Acer,Ultrabook,11.6,16,1.17,0,0,215.0,Intel Core i5,0,256,Intel Integrated,Intel Iris Xe Graphics,Windows,64800.0
Dell,Notebook,15.3,16,1.51,0,1,100.2,Intel Core i5,0,128,Intel Integrated,Intel UHD Graphics,Windows,51600.0
Asus,Notebook,14.9,16,2.17,0,1,196.6,Intel Core i5,0,1024,Intel Integrated,Intel Iris Xe Graphics,Windows,80600.0
Acer,Netbook,12.8,32,2.09,0,0,188.3,Intel Core i5,0,256,Nvidia GeForce,Nvidia GeForce RTX 3050,Windows,72200.0
Asus,Ultrabook,12.6,16,2.98,0,1,214.0,Intel Core i5,2048,512,Intel Integrated,Intel UHD Graphics,Windows,76000.0
Acer,Notebook,14.6,8,2.89,0,0,204.7,AMD Ryzen 5,1024,256,AMD Radeon,AMD Radeon Vega 8,Windows,44000.0
Apple,2 in 1 Convertible,16.0,4,1.21,0,0,147.9,AMD Ryzen 7,0,512,Intel Integrated,Intel Iris Xe Graphics,Windows,106000.0
HP,Notebook,16.8,8,1.62,0,0,193.2,Intel Core i3,0,512,Intel Integrated,Intel Iris Xe Graphics,Windows,40900.0
Acer,Notebook,12.9,16,2.14,0,1,147.2,AMD Ryzen 5,500,1024,AMD Radeon,AMD Radeon Vega 8,Windows,57100.0
Asus,Notebook,14.8,16,2.95,0,0,113.7,Intel Core i5,0,256,Nvidia GeForce,Nvidia GeForce MX450,Windows,52300.0
Asus,Ultrabook,12.1,16,2.02,0,1,202.0,Intel Core i7,0,512,Nvidia GeForce,Nvidia GeForce RTX 3060,Windows,105400.0
Lenovo,2 in 1 Convertible,14.2,4,2.59,0,0,119.8,Intel Core i5,0,1024,Intel Integrated,Intel UHD Graphics,Windows,55900.0
MSI,Ultrabook,15.9,16,2.15,0,0,133.9,Intel Core i5,0,1024,AMD Radeon,AMD Radeon RX 6600M,Windows,88400.0
Acer,Netbook,12.8,16,1.65,0,1,176.1,AMD Ryzen 5,1024,256,AMD Radeon,AMD Radeon RX 6500M,Windows,50800.0
Asus,Notebook,16.7,8,2.06,0,0,143.6,Intel Core i7,0,1024,Nvidia GeForce,Nvidia GeForce RTX 3050,Linux,77500.0
Acer,Ultrabook,17.1,8,2.97,0,1,119.9,AMD Ryzen 5,0,512,Intel Integrated,Intel UHD Graphics,Windows,54100.0
MSI,Notebook,13.3,32,1.31,0,1,208.2,Intel Core i7,0,256,Nvidia GeForce,Nvidia GeForce RTX 3060,Windows,108500.0
Dell,Gaming,16.3,8,1.56,0,0,154.0,Intel Core i7,500,512,Intel Integrated,Intel UHD Graphics,Mac,78000.0
Dell,Gaming,12.2,8,1.11,0,0,178.6,AMD Ryzen 7,0,128,Intel Integrated,Intel Iris Xe Graphics,Windows,81100.0
HP,Notebook,11.8,8,2.34,1,1,191.9,AMD Ryzen 5,0,512,Nvidia GeForce,Nvidia GeForce RTX 3050,Windows,68500.0
HP,Notebook,13.8,8,1.88,1,0,102.2,Intel Core i5,2048,128,Intel Integrated,Intel UHD Graphics,Windows,44700.0
Apple,Gaming,16.2,4,2.93,0,0,199.5,Intel Core i5,0,1024,Nvidia GeForce,Nvidia GeForce RTX 4060,Windows,136300.0
Acer,Notebook,12.9,16,2.24,0,1,205.3,Intel Core i5,2048,256,AMD Radeon,AMD Radeon Vega 8,Linux,58800.0
HP,Ultrabook,13.1,16,2.19,0,0,126.4,Intel Core i5,0,512,Intel Integrated,Intel UHD Graphics,Linux,64300.0
Lenovo,Ultrabook,13.4,8,2.57,0,1,153.2,Intel Core i7,500,512,Nvidia GeForce,Nvidia GeForce RTX 3060,Windows,98800.0
Dell,Notebook,16.1,64,1.6,0,0,218.1,Intel Core i5,1024,512,Intel Integrated,Intel UHD Graphics,Windows,107200.0
Dell,Gaming,13.2,8,2.08,0,0,126.3,Intel Core i3,0,256,Nvidia GeForce,Nvidia GeForce MX450,Windows,53100.0
HP,Notebook,13.2,32,1.64,1,0,205.6,Intel Core i7,500,128,Intel Integrated,Intel UHD Graphics,Windows,81500.0
Lenovo,Ultrabook,16.8,16,2.26,0,1,214.6,AMD Ryzen 5,500,128,Intel Integrated,Intel UHD Graphics,Linux,61500.0
Dell,2 in 1 Convertible,13.1,16,2.62,0,0,171.6,Intel Core i7,0,1024,Intel Integrated,Intel UHD Graphics,No OS,81600.0
HP,Ultrabook,11.7,16,2.84,0,1,186.9,Intel Core i3,0,1024,AMD Radeon,AMD Radeon RX 6500M,Windows,79400.0
Lenovo,Notebook,14.4,16,1.18,0,1,141.2,Intel Core i7,1024,512,Nvidia GeForce,Nvidia GeForce GTX 1650,Windows,80800.0
Apple,Ultrabook,12.9,8,1.96,0,1,111.9,AMD Ryzen 5,0,128,Intel Integrated,Intel Iris Xe Graphics,Windows,96400.0
HP,Notebook,14.1,8,2.79,0,0,103.1,Intel Core i7,0,512,Intel Integrated,Intel Iris Xe Graphics,Windows,61900.0
Asus,Ultrabook,12.2,8,2.95,0,1,163.8,Intel Core i3,0,128,Nvidia GeForce,Nvidia GeForce RTX 3050,Windows,65700.0
Dell,Gaming,14.2,8,2.81,0,1,137.7,AMD Ryzen 5,1024,512,Nvidia GeForce,Nvidia GeForce RTX 4060,Windows,100500.0
Lenovo,Notebook,13.0,32,1.78,1,1,121.3,Intel Core i7,0,512,Nvidia GeForce,Nvidia GeForce RTX 3060,Windows,107800.0
Asus,Notebook,14.1,16,2.03,0,1,205.6,Intel Core i7,500,512,Intel Integrated,Intel UHD Graphics,Windows,75800.0
Apple,Notebook,15.0,16,1.77,0,0,189.5,Intel Core i7,500,128,AMD Radeon,AMD Radeon RX 6500M,No OS,109300.0
Dell,Ultrabook,17.2,16,2.74,0,0,134.3,Intel Core i5,0,1024,AMD Radeon,AMD Radeon Vega 8,Windows,76400.0
Lenovo,Ultrabook,15.0,16,2.63,0,1,107.1,Intel Core i3,0,512,Intel Integrated,Intel UHD Graphics,Linux,58400.0
Lenovo,Ultrabook,15.2,32,1.14,0,1,186.7,Intel Core i7,0,256,Intel Integrated,Intel Iris Xe Graphics,Windows,99400.0
Acer,Netbook,12.7,64,1.27,0,0,141.0,Intel Core i7,0,128,Nvidia GeForce,Nvidia GeForce RTX 3060,Windows,124200.0
Acer,2 in 1 Convertible,15.1,4,2.03,0,0,148.9,Intel Core i3,0,256,Nvidia GeForce,Nvidia GeForce RTX 4060,Windows,68800.0
Dell,2 in 1 Convertible,13.0,16,1.38,0,1,125.3,AMD Ryzen 5,0,512,Intel Integrated,Intel UHD Graphics,Linux,67300.0
HP,Ultrabook,12.9,16,2.96,0,0,177.7,Intel Core i3,0,1024,Intel Integrated,Intel Iris Xe Graphics,Linux,73800.0
Lenovo,Ultrabook,12.9,8,1.65,0,0,210.0,Intel Core i7,0,512,Nvidia GeForce,Nvidia GeForce GTX 1650,Windows,87400.0
HP,Ultrabook,12.2,8,2.59,0,1,207.5,Intel Core i7,0,512,Nvidia GeForce,Nvidia GeForce RTX 4060,No OS,97400.0
Lenovo,2 in 1 Convertible,14.9,32,2.89,0,0,212.4,Intel Core i7,0,256,AMD Radeon,AMD Radeon RX 6600M,Linux,95500.0
Asus,Notebook,13.0,32,1.45,0,0,181.1,AMD Ryzen 7,0,256,AMD Radeon,AMD Radeon Vega 8,Windows,79800.0
Lenovo,Ultrabook,14.2,8,1.8,0,0,192.1,Intel Core i5,1024,1024,Intel Integrated,Intel UHD Graphics,Linux,69500.0
Acer,Gaming,16.1,16,1.17,0,1,115.1,Intel Core i7,0,2048,Nvidia GeForce,Nvidia GeForce MX450,Linux,99800.0
Dell,Notebook,14.5,8,2.69,0,0,140.5,Intel Core i3,0,256,AMD Radeon,AMD Radeon RX 6600M,Windows,41700.0
Apple,Notebook,15.7,32,1.18,0,1,154.6,Intel Core i5,0,256,Nvidia GeForce,Nvidia GeForce RTX 4060,Windows,135400.0
Dell,Ultrabook,13.5,8,2.5,0,1,168.5,Intel Core i7,0,512,Nvidia GeForce,Nvidia GeForce RTX 3050,Windows,84400.0
Apple,Gaming,16.0,16,1.86,0,0,127.4,Intel Core i5,500,512,AMD Radeon,AMD Radeon RX 6500M,Windows,131600.0
Asus,Ultrabook,16.0,8,2.48,0,1,201.7,Intel Core i5,2048,256,AMD Radeon,AMD Radeon RX 6600M,Windows,78600.0
Asus,2 in 1 Convertible,17.0,8,2.48,0,0,182.8,Intel Core i7,0,1024,Intel Integrated,Intel Iris Xe Graphics,Windows,77500.0
HP,Ultrabook,15.5,4,1.62,1,0,165.6,Intel Core i5,0,128,Intel Integrated,Intel Iris Xe Graphics,Linux,59100.0
Asus,Notebook,17.3,16,1.84,0,0,176.4,Intel Core i5,2048,512,AMD Radeon,AMD Radeon RX 6600M,Windows,68800.0
Asus,Notebook,17.0,64,1.85,1,1,137.2,Intel Core i5,1024,512,Nvidia GeForce,Nvidia GeForce GTX 1650,Mac,118200.0
Lenovo,Notebook,11.7,8,2.86,0,1,126.6,Intel Core i5,500,1024,Intel Integrated,Intel UHD Graphics,Windows,60500.0
Dell,2 in 1 Convertible,12.5,64,2.91,0,0,157.8,Intel Core i7,0,128,Intel Integrated,Intel UHD Graphics,Windows,113000.0
HP,Gaming,13.0,16,1.78,0,0,123.0,AMD Ryzen 7,0,256,Intel Integrated,Intel UHD Graphics,Windows,74500.0
Lenovo,Gaming,14.8,8,1.72,1,0,151.6,AMD Ryzen 7,0,1024,Nvidia GeForce,Nvidia GeForce GTX 1650,Linux,95000.0
Lenovo,Notebook,13.1,8,2.23,0,1,143.7,Intel Core i5,0,1024,Intel Integrated,Intel UHD Graphics,Linux,59900.0
Acer,Gaming,12.5,32,2.12,0,0,104.5,Intel Core i3,0,1024,Intel Integrated,Intel Iris Xe Graphics,Windows,80500.0
Asus,Notebook,12.8,4,1.93,1,0,122.9,Intel Core i5,500,512,Intel Integrated,Intel UHD Graphics,Windows,45100.0
Asus,2 in 1 Convertible,12.6,8,2.81,1,1,190.5,Intel Core i5,500,512,Intel Integrated,Intel UHD Graphics,Mac,58400.0
Dell,Notebook,14.6,8,2.29,0,0,213.9,Intel Core i7,500,256,Nvidia GeForce,Nvidia GeForce MX450,Windows,65100.0
Dell,Notebook,12.2,32,1.33,0,1,141.4,Intel Core i3,0,128,Intel Integrated,Intel Iris Xe Graphics,No OS,60800.0
Apple,Gaming,15.7,16,2.9,0,0,119.6,AMD Ryzen 5,0,512,Intel Integrated,Intel Iris Xe Graphics,Windows,118000.0
Acer,Notebook,14.8,16,2.44,0,0,151.6,Intel Core i5,0,512,Nvidia GeForce,Nvidia GeForce RTX 3050,No OS,65600.0
HP,2 in 1 Convertible,16.2,16,2.29,0,1,160.2,Intel Core i3,1024,256,Nvidia GeForce,Nvidia GeForce RTX 3050,Windows,69200.0
Dell,Notebook,13.8,8,1.88,1,0,205.4,Intel Core i7,0,256,Intel Integrated,Intel UHD Graphics,Windows,62900.0
HP,Notebook,13.7,32,2.32,0,1,123.9,Intel Core i5,0,1024,Intel Integrated,Intel Iris Xe Graphics,No OS,74800.0
Dell,Ultrabook,17.2,16,1.46,0,0,162.4,Intel Core i3,0,512,Nvidia GeForce,Nvidia GeForce GTX 1650,Windows,71600.0
Asus,Netbook,15.0,4,1.24,1,0,111.0,Intel Core i7,500,512,Intel Integrated,Intel Iris Xe Graphics,Windows,60700.0
Lenovo,Gaming,14.9,16,1.57,0,0,114.0,Intel Core i5,0,512,Nvidia GeForce,Nvidia GeForce RTX 4060,Windows,95700.0
Asus,Gaming,15.5,8,1.13,0,0,154.0,AMD Ryzen 7,1024,256,Intel Integrated,Intel Iris Xe Graphics,Windows,79400.0
Acer,Notebook,16.7,4,2.63,1,1,161.5,Intel Core i5,0,2048,AMD Radeon,AMD Radeon Vega 8,Windows,75000.0
Asus,Notebook,12.7,32,2.5,0,0,125.7,Intel Core i5,0,256,AMD Radeon,AMD Radeon RX 6600M,Windows,81700.0
HP,Notebook,16.6,8,2.04,0,1,147.7,Intel Core i7,2048,256,Intel Integrated,Intel Iris Xe Graphics,Windows,70900.0
MSI,Ultrabook,14.7,8,1.8,1,1,194.5,Intel Core i5,0,512,Nvidia GeForce,Nvidia GeForce GTX 1650,Windows,82300.0
Acer,Ultrabook,14.5,16,2.24,0,1,148.9,Intel Core i5,0,128,Intel Integrated,Intel UHD Graphics,Windows,63100.0
Asus,Notebook,12.5,8,1.23,0,1,205.8,AMD Ryzen 5,0,512,Intel Integrated,Intel Iris Xe Graphics,No OS,59500.0
HP,Gaming,12.0,32,2.67,0,1,194.4,Intel Core i7,0,256,Intel Integrated,Intel UHD Graphics,Windows,93700.0
HP,Ultrabook,14.5,8,2.73,0,1,203.1,Intel Core i7,500,512,Intel Integrated,Intel UHD Graphics,Windows,73500.0
Lenovo,Ultrabook,15.8,32,2.11,0,0,165.0,Intel Core i5,500,512,Nvidia GeForce,Nvidia GeForce GTX 1650,Windows,99200.0
Dell,Notebook,14.6,16,1.57,0,0,128.1,Intel Core i5,500,2048,AMD Radeon,AMD Radeon RX 6600M,Mac,84500.0
Lenovo,Gaming,12.8,8,2.14,0,0,213.4,Intel Core i7,1024,512,Intel Integrated,Intel Iris Xe Graphics,Windows,90800.0
HP,Notebook,16.7,8,2.06,0,0,195.1,Intel Core i3,500,512,AMD Radeon,AMD Radeon RX 6500M,Windows,54600.0
Acer,2 in 1 Convertible,14.4,8,2.6,0,0,202.6,AMD Ryzen 5,0,512,Intel Integrated,Intel Iris Xe Graphics,Windows,57800.0
HP,Notebook,11.8,16,1.45,0,1,165.5,AMD Ryzen 7,0,512,Nvidia GeForce,Nvidia GeForce RTX 3060,No OS,73900.0
HP,Notebook,13.7,4,1.8,0,1,178.8,Intel Core i7,0,128,Nvidia GeForce,Nvidia GeForce MX450,Windows,60800.0
Asus,Notebook,12.2,4,2.2,0,0,162.5,Intel Core i5,1024,512,Intel Integrated,Intel UHD Graphics,Windows,46000.0
Dell,2 in 1 Convertible,15.9,32,2.54,0,1,206.7,Intel Core i7,0,512,AMD Radeon,AMD Radeon Vega 8,Windows,97800.0
HP,Ultrabook,12.7,16,2.74,1,1,189.5,Intel Core i7,0,512,Intel Integrated,Intel UHD Graphics,Windows,82800.0
Asus,Notebook,17.0,16,1.72,0,0,183.4,Intel Core i5,0,512,Nvidia GeForce,Nvidia GeForce RTX 3060,Windows,83000.0
MSI,Gaming,16.0,16,1.39,0,0,131.7,Intel Core i5,1024,1024,AMD Radeon,AMD Radeon RX 6500M,Windows,100900.0
Apple,Notebook,16.7,64,2.67,1,0,169.2,Intel Core i3,2048,128,Intel Integrated,Intel UHD Graphics,Mac,132300.0
Asus,Notebook,14.3,16,1.68,0,1,207.0,AMD Ryzen 5,0,512,Intel Integrated,Intel UHD Graphics,Windows,67900.0
Dell,2 in 1 Convertible,15.1,16,2.29,1,1,169.7,AMD Ryzen 7,0,1024,Nvidia GeForce,Nvidia GeForce RTX 3050,Windows,102600.0
Lenovo,2 in 1 Convertible,13.8,8,2.28,0,0,153.2,Intel Core i5,0,1024,Nvidia GeForce,Nvidia GeForce RTX 3050,No OS,70200.0
Apple,Notebook,16.9,16,1.2,0,1,108.4,Intel Core i7,1024,512,Intel Integrated,Intel Iris Xe Graphics,Windows,117700.0
Lenovo,Gaming,16.4,8,1.14,0,1,184.0,AMD Ryzen 5,2048,1024,AMD Radeon,AMD Radeon RX 6500M,Windows,91000.0
HP,2 in 1 Convertible,14.9,16,1.77,0,0,150.8,Intel Core i3,1024,512,Nvidia GeForce,Nvidia GeForce RTX 3050,Windows,68000.0
Apple,2 in 1 Convertible,12.7,16,1.64,1,1,103.6,AMD Ryzen 5,2048,512,AMD Radeon,AMD Radeon RX 6600M,Mac,117600.0
Lenovo,Notebook,15.4,32,1.68,0,1,149.9,Intel Core i5,0,512,Nvidia GeForce,Nvidia GeForce RTX 3060,Windows,91100.0
Lenovo,Netbook,12.5,8,1.12,0,0,175.7,Intel Core i5,1024,128,Intel Integrated,Intel Iris Xe Graphics,Windows,45800.0
HP,2 in 1 Convertible,12.5,4,2.02,0,1,196.5,Intel Core i3,0,512,Intel Integrated,Intel UHD Graphics,Windows,52000.0
Dell,2 in 1 Convertible,14.1,64,1.85,0,0,143.7,Intel Core i5,0,256,Nvidia GeForce,Nvidia GeForce MX450,Linux,107700.0
Acer,Netbook,16.7,8,1.47,0,1,159.1,Intel Core i5,0,1024,Nvidia GeForce,Nvidia GeForce GTX 1650,Windows,51300.0
Asus,Ultrabook,14.5,32,2.79,1,0,188.3,Intel Core i7,0,1024,Nvidia GeForce,Nvidia GeForce MX450,Windows,104700.0
Apple,Notebook,16.5,16,1.87,1,1,169.2,Intel Core i7,1024,256,Intel Integrated,Intel Iris Xe Graphics,Windows,114900.0
Dell,Ultrabook,16.4,16,1.43,0,0,126.2,AMD Ryzen 5,0,256,Intel Integrated,Intel UHD Graphics,Windows,65000.0
HP,Notebook,14.8,8,1.66,0,1,213.4,Intel Core i7,1024,1024,AMD Radeon,AMD Radeon Vega 8,Windows,71900.0
Acer,Notebook,14.4,8,2.23,1,1,147.7,AMD Ryzen 5,0,256,Intel Integrated,Intel UHD Graphics,Windows,50200.0
Lenovo,Gaming,12.3,16,1.63,1,1,219.6,AMD Ryzen 5,0,1024,Intel Integrated,Intel Iris Xe Graphics,Windows,90600.0
Dell,Gaming,13.2,8,1.82,1,0,190.1,Intel Core i3,0,1024,Nvidia GeForce,Nvidia GeForce RTX 4060,Linux,99500.0
HP,Gaming,14.1,4,1.64,0,0,139.9,Intel Core i5,500,128,AMD Radeon,AMD Radeon RX 6500M,Windows,69300.0
HP,2 in 1 Convertible,17.0,32,2.5,0,0,215.6,Intel Core i3,500,512,AMD Radeon,AMD Radeon RX 6500M,Mac,74000.0
HP,2 in 1 Convertible,12.1,64,2.13,1,1,154.3,Intel Core i5,0,256,Nvidia GeForce,Nvidia GeForce RTX 4060,Windows,136600.0
Lenovo,Notebook,14.3,16,2.53,0,1,208.5,AMD Ryzen 5,0,1024,Intel Integrated,Intel Iris Xe Graphics,Linux,69900.0
Apple,Notebook,15.9,8,1.67,0,0,187.6,AMD Ryzen 7,1024,512,Nvidia GeForce,Nvidia GeForce RTX 4060,Windows,126900.0
Lenovo,Notebook,14.4,8,2.23,0,0,114.0,Intel Core i7,0,1024,Nvidia GeForce,Nvidia GeForce RTX 3060,Windows,91200.0
Lenovo,Ultrabook,17.0,4,1.58,0,0,109.1,Intel Core i5,500,128,Intel Integrated,Intel UHD Graphics,Windows,53800.0
Acer,Notebook,15.4,16,1.3,0,1,135.6,AMD Ryzen 7,2048,1024,Intel Integrated,Intel UHD Graphics,Mac,67800.0
Dell,Notebook,14.6,8,2.98,0,0,182.7,AMD Ryzen 5,0,512,Nvidia GeForce,Nvidia GeForce MX450,Windows,51800.0
HP,Notebook,14.3,16,2.7,0,0,197.0,AMD Ryzen 5,0,256,Intel Integrated,Intel UHD Graphics,Windows,51800.0
Lenovo,Gaming,16.9,8,1.57,0,1,139.9,AMD Ryzen 7,0,1024,Intel Integrated,Intel UHD Graphics,Windows,86600.0
MSI,Gaming,12.0,8,2.15,0,1,197.8,Intel Core i7,0,256,Intel Integrated,Intel Iris Xe Graphics,Mac,98400.0
HP,Notebook,13.2,16,1.16,1,0,126.4,Intel Core i7,0,512,Intel Integrated,Intel UHD Graphics,Windows,77400.0
MSI,Notebook,16.7,32,2.84,0,1,148.4,AMD Ryzen 5,500,512,Intel Integrated,Intel Iris Xe Graphics,Windows,83900.0
Dell,2 in 1 Convertible,13.0,8,2.56,0,0,129.9,Intel Core i7,1024,256,Intel Integrated,Intel Iris Xe Graphics,Windows,70900.0
HP,Notebook,17.2,64,1.85,0,0,180.5,AMD Ryzen 5,0,1024,Nvidia GeForce,Nvidia GeForce RTX 3050,Windows,119900.0
Lenovo,Notebook,12.7,4,2.79,0,0,210.0,AMD Ryzen 5,500,256,Intel Integrated,Intel Iris Xe Graphics,Linux,39300.0
Dell,Notebook,12.2,4,2.36,0,0,128.1,Intel Core i3,2048,1024,Intel Integrated,Intel Iris Xe Graphics,Windows,49100.0
Apple,Gaming,17.0,16,1.7,0,1,143.7,Intel Core i7,0,128,AMD Radeon,AMD Radeon RX 6600M,Windows,135100.0
Apple,Notebook,14.7,4,1.91,1,1,126.9,Intel Core i5,1024,1024,Intel Integrated,Intel Iris Xe Graphics,Windows,96600.0
HP,Notebook,15.4,32,2.54,0,0,183.3,Intel Core i7,0,256,Intel Integrated,Intel UHD Graphics,Windows,82100.0
Dell,Notebook,13.7,8,2.39,0,0,147.0,Intel Core i7,500,256,Intel Integrated,Intel Iris Xe Graphics,Windows,57200.0
Dell,Gaming,16.6,16,1.37,0,0,105.4,Intel Core i7,0,512,Intel Integrated,Intel Iris Xe Graphics,Windows,87000.0
MSI,Notebook,17.2,64,2.61,0,1,203.9,Intel Core i5,500,512,Intel Integrated,Intel Iris Xe Graphics,Windows,116200.0
Asus,Notebook,14.0,8,1.35,0,1,162.8,Intel Core i5,0,512,Intel Integrated,Intel UHD Graphics,Windows,62700.0
Acer,Notebook,16.5,8,1.34,1,1,201.6,Intel Core i5,500,512,AMD Radeon,AMD Radeon RX 6500M,Windows,55500.0
Acer,Notebook,15.5,8,2.29,0,0,107.2,Intel Core i3,1024,512,Intel Integrated,Intel UHD Graphics,No OS,28900.0
Dell,Ultrabook,13.9,8,1.15,0,1,201.0,Intel Core i5,500,1024,Nvidia GeForce,Nvidia GeForce RTX 3050,Windows,89300.0
Acer,Ultrabook,12.5,4,1.79,0,1,115.3,AMD Ryzen 5,0,1024,Nvidia GeForce,Nvidia GeForce RTX 4060,Windows,93300.0
Lenovo,Gaming,16.7,16,2.39,0,1,135.5,Intel Core i3,0,256,Nvidia GeForce,Nvidia GeForce RTX 3050,Windows,85800.0
Lenovo,Notebook,12.4,4,2.68,1,1,112.4,Intel Core i5,1024,512,Intel Integrated,Intel UHD Graphics,Windows,46200.0
HP,Ultrabook,12.4,4,2.65,1,1,207.9,Intel Core i7,0,1024,Nvidia GeForce,Nvidia GeForce RTX 4060,Windows,108700.0
HP,Notebook,12.6,64,1.94,0,1,219.5,Intel Core i7,0,1024,Intel Integrated,Intel UHD Graphics,Windows,121500.0
Apple,Ultrabook,15.6,8,2.5,0,0,168.7,Intel Core i5,0,1024,Nvidia GeForce,Nvidia GeForce RTX 3050,Windows,121700.0
Asus,2 in 1 Convertible,12.7,8,2.93,0,0,170.3,Intel Core i7,0,128,Intel Integrated,Intel Iris Xe Graphics,Windows,58300.0
Dell,Notebook,13.3,32,2.09,0,0,171.8,Intel Core i7,2048,256,AMD Radeon,AMD Radeon RX 6500M,Linux,84000.0
MSI,Ultrabook,15.8,32,2.95,1,0,216.0,Intel Core i7,500,1024,Intel Integrated,Intel Iris Xe Graphics,No OS,115400.0
HP,Notebook,14.9,64,1.82,0,0,160.7,Intel Core i5,2048,512,AMD Radeon,AMD Radeon RX 6500M,No OS,102900.0
MSI,Notebook,15.1,16,1.97,0,0,149.8,Intel Core i7,0,256,Intel Integrated,Intel UHD Graphics,Windows,76400.0
Asus,Ultrabook,13.5,8,1.84,0,1,125.1,Intel Core i3,500,512,Nvidia GeForce,Nvidia GeForce RTX 3050,Windows,66800.0
Lenovo,Gaming,15.0,8,1.43,1,1,204.4,Intel Core i5,0,512,Intel Integrated,Intel Iris Xe Graphics,Windows,78000.0
Acer,Notebook,14.3,16,2.67,0,0,212.9,Intel Core i3,2048,1024,Intel Integrated,Intel Iris Xe Graphics,Windows,59600.0
Lenovo,Netbook,11.7,32,1.38,0,1,141.0,AMD Ryzen 5,0,128,AMD Radeon,AMD Radeon Vega 8,Windows,69500.0
Asus,Notebook,11.9,16,2.81,0,0,153.1,Intel Core i3,1024,1024,AMD Radeon,AMD Radeon Vega 8,Windows,56100.0
Lenovo,Notebook,13.0,32,1.41,0,0,157.4,Intel Core i3,1024,1024,Nvidia GeForce,Nvidia GeForce RTX 4060,Windows,104000.0
HP,Gaming,12.1,8,1.41,0,0,146.4,Intel Core i3,0,256,AMD Radeon,AMD Radeon RX 6600M,Windows,66700.0
Dell,Ultrabook,14.6,64,1.48,0,0,210.1,AMD Ryzen 5,1024,1024,AMD Radeon,AMD Radeon Vega 8,Windows,124900.0
Asus,Ultrabook,14.2,32,2.97,0,1,181.7,Intel Core i5,500,128,Nvidia GeForce,Nvidia GeForce MX450,Windows,89800.0
Dell,Notebook,15.4,16,1.88,0,0,102.9,Intel Core i5,0,256,Nvidia GeForce,Nvidia GeForce RTX 4060,Windows,72100.0
Dell,Notebook,16.1,16,2.14,0,1,108.7,Intel Core i5,1024,256,Nvidia GeForce,Nvidia GeForce RTX 4060,Windows,94200.0
Acer,Gaming,11.7,8,2.64,0,1,144.7,Intel Core i7,0,128,Nvidia GeForce,Nvidia GeForce RTX 3050,Windows,85900.0
Lenovo,Ultrabook,13.9,16,2.99,0,1,147.5,Intel Core i3,1024,256,Nvidia GeForce,Nvidia GeForce RTX 4060,No OS,80700.0
Asus,Ultrabook,14.0,8,2.23,0,0,156.6,Intel Core i7,0,512,Nvidia GeForce,Nvidia GeForce RTX 3050,Windows,81300.0
Acer,Ultrabook,13.1,16,2.18,0,1,173.2,Intel Core i5,0,256,Intel Integrated,Intel UHD Graphics,Windows,63500.0
Lenovo,2 in 1 Convertible,13.0,4,1.71,0,0,168.9,Intel Core i3,500,128,Intel Integrated,Intel Iris Xe Graphics,Windows,42500.0
Apple,Notebook,11.7,32,2.2,1,1,197.2,Intel Core i5,1024,512,AMD Radeon,AMD Radeon RX 6600M,Windows,134200.0
HP,Ultrabook,15.0,16,1.23,1,0,186.8,AMD Ryzen 5,500,512,Intel Integrated,Intel UHD Graphics,Mac,69800.0
Dell,Gaming,15.4,16,2.87,0,0,206.3,Intel Core i5,500,512,Nvidia GeForce,Nvidia GeForce RTX 4060,Windows,105900.0
Dell,Gaming,13.4,4,1.36,0,1,103.0,Intel Core i5,0,512,Nvidia GeForce,Nvidia GeForce MX450,Mac,70700.0
HP,Ultrabook,12.8,64,2.33,1,0,193.8,AMD Ryzen 5,2048,512,Intel Integrated,Intel UHD Graphics,Windows,119800.0
Asus,Gaming,13.7,8,1.49,0,1,147.8,Intel Core i3,1024,512,Nvidia GeForce,Nvidia GeForce MX450,Windows,72100.0
Acer,2 in 1 Convertible,16.4,8,2.92,0,0,107.5,Intel Core i5,0,256,Intel Integrated,Intel Iris Xe Graphics,Windows,52100.0
Apple,Gaming,13.2,32,1.29,1,0,106.5,Intel Core i7,0,256,Intel Integrated,Intel Iris Xe Graphics,Mac,140800.0
Apple,Notebook,17.0,8,2.36,0,1,213.5,Intel Core i5,0,1024,Nvidia GeForce,Nvidia GeForce RTX 3060,Windows,117300.0
Apple,Netbook,12.8,4,1.47,1,1,176.3,Intel Core i5,0,512,AMD Radeon,AMD Radeon Vega 8,No OS,88800.0
MSI,2 in 1 Convertible,13.9,16,2.44,1,0,136.5,Intel Core i3,0,512,Intel Integrated,Intel UHD Graphics,No OS,65500.0
HP,Notebook,17.0,8,2.57,0,0,101.3,Intel Core i7,0,2048,Intel Integrated,Intel UHD Graphics,Windows,79500.0
Dell,Ultrabook,11.8,8,1.89,0,0,156.9,Intel Core i5,0,1024,AMD Radeon,AMD Radeon Vega 8,Mac,68800.0
Asus,Ultrabook,14.2,8,2.53,0,0,171.5,AMD Ryzen 7,1024,512,Intel Integrated,Intel UHD Graphics,Windows,69600.0
Lenovo,2 in 1 Convertible,12.2,16,2.07,0,1,190.3,Intel Core i7,500,1024,Intel Integrated,Intel UHD Graphics,Windows,78400.0
HP,Gaming,15.7,8,1.17,1,0,106.5,Intel Core i5,0,128,Nvidia GeForce,Nvidia GeForce RTX 4060,Windows,95200.0
Asus,2 in 1 Convertible,16.6,16,2.38,0,0,104.5,AMD Ryzen 5,500,256,Intel Integrated,Intel Iris Xe Graphics,Windows,62000.0
HP,Notebook,13.9,8,2.66,0,1,100.1,Intel Core i5,0,256,Intel Integrated,Intel UHD Graphics,Windows,42200.0
Dell,Notebook,13.7,8,2.96,1,1,164.4,AMD Ryzen 5,500,256,Nvidia GeForce,Nvidia GeForce MX450,Linux,54300.0
HP,Notebook,11.7,16,1.18,1,0,120.6,Intel Core i5,0,512,Intel Integrated,Intel Iris Xe Graphics,Windows,62900.0
Lenovo,Gaming,16.9,32,2.66,1,0,134.1,Intel Core i5,0,256,AMD Radeon,AMD Radeon RX 6600M,Windows,95300.0
Lenovo,2 in 1 Convertible,15.3,8,2.36,0,0,195.2,Intel Core i5,2048,256,Intel Integrated,Intel UHD Graphics,No OS,57600.0
HP,Notebook,12.6,8,2.9,0,1,113.0,AMD Ryzen 7,1024,256,Intel Integrated,Intel UHD Graphics,Windows,50800.0
Lenovo,Gaming,16.3,16,2.86,1,1,180.6,AMD Ryzen 7,1024,512,Nvidia GeForce,Nvidia GeForce RTX 4060,Windows,129200.0
Dell,Notebook,13.0,8,2.32,0,1,143.5,AMD Ryzen 5,0,256,Nvidia GeForce,Nvidia GeForce GTX 1650,Windows,46200.0
Dell,Ultrabook,12.0,16,2.72,0,0,110.4,Intel Core i5,0,512,AMD Radeon,AMD Radeon Vega 8,Linux,65800.0
HP,Notebook,16.2,8,1.31,0,1,185.8,Intel Core i5,0,512,Intel Integrated,Intel UHD Graphics,Windows,50300.0
Acer,Notebook,17.0,16,2.24,1,0,130.8,Intel Core i5,500,256,Nvidia GeForce,Nvidia GeForce MX450,Windows,50200.0
HP,Gaming,16.3,8,2.84,0,0,151.7,Intel Core i5,1024,512,Nvidia GeForce,Nvidia GeForce RTX 3060,Mac,80200.0
Lenovo,Notebook,15.8,8,1.14,0,0,170.0,Intel Core i5,0,512,Nvidia GeForce,Nvidia GeForce RTX 3050,Windows,70700.0
Asus,Ultrabook,11.8,8,1.3,0,0,173.6,AMD Ryzen 5,2048,256,AMD Radeon,AMD Radeon RX 6500M,Windows,65300.0
HP,Notebook,11.8,64,1.56,0,1,166.1,Intel Core i5,500,512,Nvidia GeForce,Nvidia GeForce GTX 1650,Linux,108900.0
Lenovo,Notebook,16.9,16,2.04,0,0,201.1,Intel Core i7,0,256,AMD Radeon,AMD Radeon RX 6600M,Windows,78300.0
Dell,Ultrabook,12.5,16,2.12,0,0,125.4,Intel Core i3,500,256,Nvidia GeForce,Nvidia GeForce RTX 4060,Windows,88200.0
MSI,Gaming,16.9,16,1.59,0,1,114.6,Intel Core i5,500,512,AMD Radeon,AMD Radeon Vega 8,Windows,89400.0
Asus,Notebook,12.3,16,1.45,0,0,103.0,Intel Core i5,0,512,Intel Integrated,Intel Iris Xe Graphics,Windows,58400.0
Acer,Notebook,12.1,8,2.35,0,0,167.0,Intel Core i5,1024,1024,AMD Radeon,AMD Radeon Vega 8,Windows,55300.0
HP,2 in 1 Convertible,11.8,4,2.28,0,0,180.7,Intel Core i5,0,256,AMD Radeon,AMD Radeon Vega 8,Windows,52300.0
Dell,Notebook,16.4,8,1.47,0,1,107.4,Intel Core i7,0,256,Intel Integrated,Intel Iris Xe Graphics,Windows,62200.0
MSI,Notebook,12.2,8,2.27,1,0,178.5,Intel Core i5,1024,512,Intel Integrated,Intel UHD Graphics,Mac,68800.0
MSI,Netbook,16.5,16,2.43,0,1,154.7,Intel Core i5,0,1024,Intel Integrated,Intel Iris Xe Graphics,Windows,65500.0
Dell,Notebook,12.9,16,1.29,0,1,189.2,Intel Core i7,500,1024,Intel Integrated,Intel UHD Graphics,No OS,76000.0
Lenovo,Notebook,14.9,16,1.87,1,1,207.9,Intel Core i7,0,256,Intel Integrated,Intel UHD Graphics,Windows,67300.0
Asus,Notebook,13.7,8,2.42,1,1,154.0,Intel Core i5,1024,512,Intel Integrated,Intel UHD Graphics,Windows,54500.0
Acer,Ultrabook,14.8,4,1.17,0,1,206.2,Intel Core i3,1024,512,Intel Integrated,Intel Iris Xe Graphics,Windows,55000.0
Acer,Notebook,14.0,16,1.51,0,1,219.7,Intel Core i3,0,256,Intel Integrated,Intel Iris Xe Graphics,Windows,40000.0
HP,Netbook,15.3,16,2.96,0,1,152.1,AMD Ryzen 5,1024,256,Intel Integrated,Intel UHD Graphics,Windows,49200.0
Dell,Notebook,13.3,32,1.54,0,0,179.6,Intel Core i3,1024,2048,AMD Radeon,AMD Radeon RX 6500M,Windows,102800.0
Asus,Gaming,14.0,16,1.88,0,0,183.0,Intel Core i7,0,128,Nvidia GeForce,Nvidia GeForce RTX 3050,Windows,98300.0
HP,Ultrabook,15.7,8,2.88,0,0,190.8,Intel Core i7,2048,1024,Intel Integrated,Intel Iris Xe Graphics,Windows,89000.0
Lenovo,2 in 1 Convertible,12.8,32,2.16,0,1,161.5,Intel Core i5,1024,512,Intel Integrated,Intel Iris Xe Graphics,Windows,93900.0
MSI,Notebook,11.7,4,1.81,1,0,154.8,Intel Core i5,0,128,Intel Integrated,Intel UHD Graphics,No OS,48300.0
Dell,Notebook,15.7,8,1.45,0,0,192.9,Intel Core i3,500,512,Intel Integrated,Intel UHD Graphics,Windows,43500.0
Asus,Ultrabook,16.1,64,1.58,0,1,194.2,Intel Core i5,0,1024,Nvidia GeForce,Nvidia GeForce RTX 3060,Windows,144900.0
HP,Netbook,12.4,16,1.64,0,0,219.9,Intel Core i3,0,512,Intel Integrated,Intel UHD Graphics,Windows,55200.0
HP,Notebook,13.6,16,2.29,1,1,168.4,Intel Core i7,1024,1024,Intel Integrated,Intel Iris Xe Graphics,Windows,82100.0
Asus,Gaming,17.3,8,2.12,0,0,120.3,AMD Ryzen 7,0,1024,AMD Radeon,AMD Radeon Vega 8,Windows,79900.0
Dell,Gaming,12.4,32,2.65,0,1,103.5,Intel Core i5,0,128,AMD Radeon,AMD Radeon RX 6600M,Windows,93300.0
Acer,Notebook,12.9,16,1.6,0,1,161.3,Intel Core i5,500,2048,Nvidia GeForce,Nvidia GeForce MX450,Windows,80300.0
Asus,Notebook,12.1,16,1.85,1,0,216.0,AMD Ryzen 7,0,256,Nvidia GeForce,Nvidia GeForce RTX 3060,Windows,92900.0
Apple,Notebook,12.6,8,1.33,0,0,198.6,Intel Core i3,0,512,Nvidia GeForce,Nvidia GeForce RTX 3060,Windows,101600.0
Lenovo,Netbook,13.0,16,2.46,0,0,181.2,Intel Core i3,500,512,Intel Integrated,Intel Iris Xe Graphics,Windows,39900.0
Acer,Ultrabook,13.4,32,2.39,0,0,158.0,Intel Core i5,1024,256,Intel Integrated,Intel Iris Xe Graphics,Windows,78800.0
Asus,Notebook,13.7,8,2.96,1,1,129.0,Intel Core i3,0,256,AMD Radeon,AMD Radeon Vega 8,Linux,33800.0
Acer,Notebook,15.5,8,1.22,0,0,149.1,Intel Core i5,1024,512,Intel Integrated,Intel UHD Graphics,Linux,50700.0
Lenovo,Notebook,14.1,16,1.1,0,0,186.7,Intel Core i5,500,512,Intel Integrated,Intel UHD Graphics,Windows,71700.0
Lenovo,Notebook,12.6,16,1.71,0,0,116.0,AMD Ryzen 7,500,1024,Intel Integrated,Intel Iris Xe Graphics,Windows,72800.0
Lenovo,Notebook,14.4,16,1.6,1,0,198.8,Intel Core i3,0,1024,Intel Integrated,Intel UHD Graphics,Windows,65500.0
Asus,Gaming,12.5,8,1.38,1,0,156.1,Intel Core i3,1024,512,Nvidia GeForce,Nvidia GeForce RTX 4060,Windows,94400.0
HP,Notebook,17.0,16,2.69,0,0,188.3,Intel Core i5,0,512,Nvidia GeForce,Nvidia GeForce RTX 3050,Mac,66800.0
Asus,Gaming,17.3,4,1.52,0,0,102.6,Intel Core i3,1024,512,AMD Radeon,AMD Radeon RX 6600M,Windows,65200.0
HP,2 in 1 Convertible,15.6,16,1.2,0,0,211.4,Intel Core i7,0,256,Intel Integrated,Intel Iris Xe Graphics,Linux,74700.0
MSI,Gaming,16.3,16,2.43,0,0,141.2,Intel Core i7,0,256,Intel Integrated,Intel UHD Graphics,Linux,80800.0
Dell,Gaming,16.3,8,1.9,1,1,129.2,Intel Core i7,0,256,Nvidia GeForce,Nvidia GeForce RTX 4060,Mac,98900.0
Dell,2 in 1 Convertible,14.1,8,2.14,0,1,169.9,Intel Core i5,0,256,Intel Integrated,Intel UHD Graphics,Windows,59700.0
Dell,Notebook,17.3,16,1.64,1,1,152.9,Intel Core i5,500,1024,Nvidia GeForce,Nvidia GeForce GTX 1650,Windows,75800.0
HP,Notebook,12.3,16,2.73,1,1,122.1,Intel Core i3,500,1024,AMD Radeon,AMD Radeon RX 6500M,Windows,67800.0
Asus,Ultrabook,17.0,8,1.14,0,0,214.5,Intel Core i5,1024,1024,Intel Integrated,Intel Iris Xe Graphics,Windows,79600.0
Apple,Notebook,12.4,16,2.05,1,0,177.5,Intel Core i5,500,256,AMD Radeon,AMD Radeon RX 6600M,Windows,103500.0
Apple,Notebook,17.0,8,2.27,0,0,182.1,Intel Core i5,0,512,Intel Integrated,Intel Iris Xe Graphics,Windows,93300.0
Dell,Notebook,14.0,16,1.37,0,1,123.7,Intel Core i3,1024,256,Nvidia GeForce,Nvidia GeForce GTX 1650,Windows,53900.0
HP,Notebook,11.7,8,1.43,0,0,116.9,Intel Core i5,0,256,Intel Integrated,Intel Iris Xe Graphics,No OS,38300.0
MSI,Gaming,13.0,16,1.3,0,1,145.9,Intel Core i7,0,512,Intel Integrated,Intel UHD Graphics,Windows,101300.0
MSI,Notebook,15.2,16,2.76,0,0,119.5,Intel Core i5,1024,256,Nvidia GeForce,Nvidia GeForce RTX 3060,Windows,80900.0
Dell,2 in 1 Convertible,12.9,16,1.87,0,0,102.0,AMD Ryzen 7,1024,256,Nvidia GeForce,Nvidia GeForce RTX 4060,Windows,98400.0
Apple,Ultrabook,16.1,8,2.96,1,0,135.9,Intel Core i3,1024,256,Intel Integrated,Intel Iris Xe Graphics,Windows,97500.0
HP,Ultrabook,14.5,16,2.82,0,0,102.2,Intel Core i3,500,512,Nvidia GeForce,Nvidia GeForce GTX 1650,Windows,62200.0
Asus,Netbook,13.7,16,2.05,0,1,136.0,Intel Core i3,1024,512,Intel Integrated,Intel Iris Xe Graphics,Windows,49700.0
Apple,Ultrabook,15.0,16,1.89,0,0,102.0,AMD Ryzen 5,0,256,Nvidia GeForce,Nvidia GeForce RTX 3060,Windows,125900.0
Asus,Notebook,11.7,16,2.9,0,0,163.0,Intel Core i5,500,1024,Intel Integrated,Intel UHD Graphics,Windows,60300.0
HP,2 in 1 Convertible,15.0,8,1.55,0,1,149.9,Intel Core i5,500,1024,Intel Integrated,Intel UHD Graphics,Windows,67600.0
Lenovo,Notebook,13.3,32,2.82,0,1,186.3,Intel Core i7,0,128,Intel Integrated,Intel Iris Xe Graphics,Windows,90000.0
MSI,Ultrabook,15.2,16,1.35,0,0,174.8,Intel Core i5,0,1024,Intel Integrated,Intel Iris Xe Graphics,Linux,83600.0
Dell,2 in 1 Convertible,13.6,16,2.46,0,0,215.5,AMD Ryzen 7,0,256,Nvidia GeForce,Nvidia GeForce RTX 3060,Windows,89600.0
Apple,Notebook,13.5,8,2.98,0,1,182.2,Intel Core i5,0,256,Intel Integrated,Intel Iris Xe Graphics,No OS,83700.0
Asus,Notebook,13.1,64,2.73,0,1,178.0,Intel Core i7,0,128,AMD Radeon,AMD Radeon RX 6500M,Windows,112800.0
Acer,2 in 1 Convertible,13.9,32,1.87,0,0,207.7,AMD Ryzen 7,1024,128,Nvidia GeForce,Nvidia GeForce RTX 3060,Windows,105700.0
Dell,2 in 1 Convertible,12.6,16,1.82,1,0,148.0,AMD Ryzen 7,0,512,Intel Integrated,Intel Iris Xe Graphics,Windows,79000.0
MSI,Gaming,16.3,4,2.13,0,0,108.7,Intel Core i7,1024,512,AMD Radeon,AMD Radeon Vega 8,Mac,85300.0
HP,Gaming,12.1,16,2.55,0,0,103.8,Intel Core i3,1024,512,Intel Integrated,Intel Iris Xe Graphics,Mac,66100.0
Dell,Ultrabook,14.7,4,1.89,1,1,111.9,Intel Core i3,1024,256,Intel Integrated,Intel Iris Xe Graphics,Windows,58000.0
Apple,Gaming,12.2,8,1.71,0,1,146.2,Intel Core i5,0,128,AMD Radeon,AMD Radeon RX 6500M,Windows,114500.0
Acer,Notebook,14.5,32,2.88,0,1,164.3,Intel Core i5,0,1024,AMD Radeon,AMD Radeon RX 6600M,Windows,85100.0
Asus,2 in 1 Convertible,15.7,32,2.83,0,0,166.9,AMD Ryzen 7,0,1024,Nvidia GeForce,Nvidia GeForce RTX 4060,Windows,117900.0
HP,Notebook,13.4,16,2.15,0,0,215.9,Intel Core i5,0,256,AMD Radeon,AMD Radeon Vega 8,Windows,62600.0
HP,Ultrabook,12.8,16,1.2,1,0,204.9,Intel Core i5,0,512,Nvidia GeForce,Nvidia GeForce GTX 1650,Windows,82500.0
Lenovo,Notebook,12.3,8,2.21,0,0,104.2,Intel Core i3,0,1024,AMD Radeon,AMD Radeon RX 6500M,Windows,52400.0
Lenovo,Notebook,12.5,8,1.81,0,0,109.3,Intel Core i3,0,256,Nvidia GeForce,Nvidia GeForce RTX 3050,Mac,50200.0
Lenovo,Notebook,12.2,32,2.59,0,0,158.5,Intel Core i7,500,1024,AMD Radeon,AMD Radeon Vega 8,Windows,96400.0
HP,Gaming,17.3,16,2.04,1,0,187.6,AMD Ryzen 5,0,128,Intel Integrated,Intel UHD Graphics,Windows,76500.0
Dell,Notebook,15.2,4,2.69,0,0,167.4,Intel Core i5,0,256,AMD Radeon,AMD Radeon Vega 8,Windows,43300.0
HP,Notebook,13.7,4,1.59,0,0,123.9,AMD Ryzen 7,500,128,Intel Integrated,Intel Iris Xe Graphics,Linux,43300.0
HP,Notebook,15.6,8,2.85,0,0,213.7,Intel Core i5,0,256,Intel Integrated,Intel Iris Xe Graphics,Linux,43200.0
MSI,Notebook,13.1,16,2.17,0,1,143.4,Intel Core i5,0,1024,Intel Integrated,Intel UHD Graphics,Windows,76400.0
MSI,Gaming,13.8,16,2.83,0,0,145.4,AMD Ryzen 5,500,512,Nvidia GeForce,Nvidia GeForce RTX 4060,Windows,114600.0
Lenovo,Ultrabook,12.6,8,1.12,0,1,207.0,Intel Core i5,0,256,Intel Integrated,Intel UHD Graphics,Windows,62600.0
Asus,2 in 1 Convertible,12.8,8,2.72,0,1,201.1,Intel Core i7,0,2048,Intel Integrated,Intel UHD Graphics,No OS,89700.0
Lenovo,2 in 1 Convertible,17.1,16,2.28,0,1,164.9,AMD Ryzen 5,0,512,Intel Integrated,Intel Iris Xe Graphics,Windows,74100.0
Apple,Ultrabook,17.1,16,1.37,0,1,138.4,AMD Ryzen 5,0,1024,Intel Integrated,Intel Iris Xe Graphics,Windows,120300.0
Dell,Ultrabook,14.5,4,1.79,0,1,206.6,Intel Core i5,0,512,Intel Integrated,Intel UHD Graphics,Windows,64900.0
Lenovo,Gaming,11.8,16,2.07,0,0,109.8,Intel Core i5,0,2048,AMD Radeon,AMD Radeon Vega 8,Windows,92900.0
HP,Ultrabook,12.1,8,1.89,0,1,179.8,Intel Core i3,500,512,Nvidia GeForce,Nvidia GeForce RTX 3060,Windows,79400.0
HP,Netbook,15.0,16,1.11,0,0,168.3,AMD Ryzen 7,0,2048,AMD Radeon,AMD Radeon Vega 8,Windows,81000.0
Apple,Ultrabook,15.2,8,2.62,0,0,107.2,AMD Ryzen 7,0,512,AMD Radeon,AMD Radeon RX 6500M,Windows,109900.0
Dell,Gaming,16.3,64,2.79,0,0,103.3,Intel Core i5,500,512,AMD Radeon,AMD Radeon Vega 8,Windows,117300.0
Asus,Gaming,15.2,8,1.94,0,1,153.2,AMD Ryzen 7,0,512,Nvidia GeForce,Nvidia GeForce GTX 1650,Linux,89600.0
Dell,2 in 1 Convertible,13.5,8,2.07,1,0,142.3,AMD Ryzen 5,0,256,Intel Integrated,Intel Iris Xe Graphics,Mac,60200.0
HP,2 in 1 Convertible,12.4,8,2.21,0,1,146.5,AMD Ryzen 5,0,512,Nvidia GeForce,Nvidia GeForce GTX 1650,Linux,65600.0
Lenovo,Gaming,14.8,16,1.32,0,0,132.3,Intel Core i3,0,512,AMD Radeon,AMD Radeon RX 6500M,No OS,63700.0
HP,Gaming,11.9,4,1.16,0,1,107.5,Intel Core i7,500,256,Nvidia GeForce,Nvidia GeForce RTX 3060,Linux,99400.0
MSI,Ultrabook,15.6,32,1.78,0,1,187.2,Intel Core i5,1024,512,AMD Radeon,AMD Radeon RX 6600M,No OS,97600.0
Lenovo,Notebook,15.0,16,2.28,0,0,159.0,AMD Ryzen 7,0,256,Nvidia GeForce,Nvidia GeForce RTX 3060,Windows,81400.0
Asus,Notebook,13.8,8,2.79,0,0,162.9,AMD Ryzen 7,2048,512,Nvidia GeForce,Nvidia GeForce MX450,Windows,66000.0
Apple,2 in 1 Convertible,15.5,4,2.59,1,1,161.0,Intel Core i5,500,1024,Nvidia GeForce,Nvidia GeForce RTX 3050,Windows,125000.0
Asus,Ultrabook,17.1,16,2.82,0,1,109.6,Intel Core i5,0,1024,Intel Integrated,Intel Iris Xe Graphics,Windows,75700.0
Asus,2 in 1 Convertible,14.2,16,1.46,1,1,132.2,Intel Core i5,500,128,AMD Radeon,AMD Radeon RX 6500M,Windows,71500.0
Acer,Notebook,14.4,8,1.59,0,0,166.5,Intel Core i3,1024,256,AMD Radeon,AMD Radeon Vega 8,Windows,34000.0
HP,Gaming,14.8,8,1.9,0,0,109.4,AMD Ryzen 5,500,128,Nvidia GeForce,Nvidia GeForce RTX 3060,Windows,83100.0
MSI,Ultrabook,15.4,32,2.76,0,0,140.8,Intel Core i7,0,256,Intel Integrated,Intel Iris Xe Graphics,Windows,102900.0
Acer,Notebook,12.3,8,2.85,0,0,171.6,Intel Core i5,0,1024,Intel Integrated,Intel UHD Graphics,Mac,47800.0
Apple,Gaming,12.7,4,2.25,0,1,163.7,Intel Core i7,0,512,Intel Integrated,Intel Iris Xe Graphics,Windows,120700.0
Lenovo,2 in 1 Convertible,12.6,32,2.42,0,1,149.4,Intel Core i3,0,512,AMD Radeon,AMD Radeon Vega 8,Linux,60200.0
Asus,Notebook,14.2,16,2.61,0,1,132.1,Intel Core i5,1024,1024,Nvidia GeForce,Nvidia GeForce GTX 1650,Windows,72800.0
Lenovo,Ultrabook,14.9,16,1.38,0,1,167.2,Intel Core i5,0,1024,Nvidia GeForce,Nvidia GeForce RTX 4060,Mac,99400.0
HP,Gaming,12.5,8,1.76,1,0,107.6,Intel Core i3,500,1024,Intel Integrated,Intel Iris Xe Graphics,Windows,73800.0
Acer,Notebook,14.5,16,1.86,0,1,124.9,AMD Ryzen 5,0,1024,Intel Integrated,Intel Iris Xe Graphics,Windows,60100.0
Acer,Gaming,13.6,32,1.66,0,1,145.5,Intel Core i5,1024,512,Nvidia GeForce,Nvidia GeForce RTX 4060,Windows,117600.0
Lenovo,Ultrabook,12.8,8,1.12,0,1,129.2,Intel Core i5,1024,512,Nvidia GeForce,Nvidia GeForce RTX 4060,Windows,90000.0
Lenovo,Gaming,11.7,16,2.73,0,0,101.3,Intel Core i5,500,256,Nvidia GeForce,Nvidia GeForce RTX 4060,Windows,103400.0
Lenovo,Netbook,15.5,4,2.99,0,0,166.9,Intel Core i5,0,128,Intel Integrated,Intel UHD Graphics,Windows,37200.0
Apple,Ultrabook,12.0,16,2.24,0,1,165.3,Intel Core i7,500,512,Intel Integrated,Intel Iris Xe Graphics,Windows,127600.0
Dell,Ultrabook,13.2,16,1.96,1,0,142.6,Intel Core i5,0,512,Nvidia GeForce,Nvidia GeForce GTX 1650,Mac,82000.0
MSI,2 in 1 Convertible,14.8,8,1.73,0,0,182.6,Intel Core i5,2048,256,Intel Integrated,Intel UHD Graphics,Windows,68600.0
Lenovo,Gaming,15.8,8,1.73,0,1,106.2,Intel Core i3,0,1024,Intel Integrated,Intel Iris Xe Graphics,Windows,64400.0
MSI,Ultrabook,16.2,32,2.87,0,1,128.1,Intel Core i3,0,512,Nvidia GeForce,Nvidia GeForce GTX 1650,Windows,94800.0
Apple,Notebook,13.7,16,1.4,1,1,120.0,Intel Core i3,1024,128,Intel Integrated,Intel Iris Xe Graphics,Windows,94800.0
Lenovo,Ultrabook,16.5,8,1.83,0,1,112.9,Intel Core i7,2048,512,AMD Radeon,AMD Radeon RX 6600M,Windows,85900.0
HP,Notebook,12.6,16,2.92,0,0,174.4,Intel Core i5,0,1024,Intel Integrated,Intel Iris Xe Graphics,Windows,61200.0
Asus,Notebook,11.7,4,2.12,1,0,212.4,Intel Core i3,0,1024,Nvidia GeForce,Nvidia GeForce MX450,Linux,50900.0
Lenovo,2 in 1 Convertible,16.2,4,1.71,0,0,123.9,Intel Core i3,0,512,Intel Integrated,Intel UHD Graphics,Windows,47900.0
Acer,Notebook,16.7,4,1.21,1,1,145.6,AMD Ryzen 5,0,512,Intel Integrated,Intel Iris Xe Graphics,No OS,52300.0
Dell,Ultrabook,15.3,16,2.31,0,0,151.3,Intel Core i3,0,1024,Intel Integrated,Intel UHD Graphics,Windows,72500.0
Acer,Notebook,15.0,16,1.11,0,0,205.9,Intel Core i3,2048,512,Nvidia GeForce,Nvidia GeForce MX450,Windows,56200.0
Acer,Notebook,14.7,16,2.43,1,0,148.0,AMD Ryzen 7,0,512,Intel Integrated,Intel Iris Xe Graphics,Linux,61800.0
Apple,Ultrabook,12.2,4,2.2,0,1,135.1,Intel Core i5,0,256,Intel Integrated,Intel UHD Graphics,Windows,100600.0
Acer,2 in 1 Convertible,13.3,8,1.99,0,0,213.6,Intel Core i5,0,256,Nvidia GeForce,Nvidia GeForce GTX 1650,Windows,63000.0
Lenovo,Gaming,16.3,8,2.36,0,0,182.8,Intel Core i5,1024,256,Intel Integrated,Intel Iris Xe Graphics,Windows,75400.0
HP,Notebook,14.5,32,1.56,0,0,189.7,Intel Core i7,2048,1024,Nvidia GeForce,Nvidia GeForce RTX 4060,Windows,119400.0
Acer,Gaming,11.6,4,2.64,0,1,154.5,AMD Ryzen 5,2048,1024,Intel Integrated,Intel UHD Graphics,Windows,71500.0
Asus,Notebook,16.9,8,2.49,0,0,158.4,AMD Ryzen 5,1024,512,AMD Radeon,AMD Radeon RX 6500M,Windows,61100.0
Apple,Ultrabook,14.8,8,1.97,0,0,152.4,Intel Core i7,0,512,Intel Integrated,Intel Iris Xe Graphics,Windows,113300.0
Lenovo,Gaming,12.0,16,1.45,0,1,166.8,Intel Core i7,1024,256,Intel Integrated,Intel Iris Xe Graphics,Windows,88000.0
Dell,Ultrabook,14.6,8,1.17,1,0,190.7,Intel Core i5,0,128,Intel Integrated,Intel UHD Graphics,Windows,67200.0
Dell,Notebook,17.1,16,1.6,0,0,129.4,AMD Ryzen 5,500,512,Nvidia GeForce,Nvidia GeForce GTX 1650,Windows,64500.0
Dell,Gaming,13.4,8,1.12,0,0,192.7,Intel Core i5,500,1024,Intel Integrated,Intel UHD Graphics,Windows,78300.0
MSI,Notebook,14.2,16,1.41,0,1,204.0,Intel Core i7,0,512,Nvidia GeForce,Nvidia GeForce MX450,Windows,80100.0
Lenovo,Notebook,15.2,16,2.79,0,0,136.7,Intel Core i7,0,256,Nvidia GeForce,Nvidia GeForce RTX 3050,Windows,68400.0
Asus,Gaming,13.9,16,2.43,0,0,203.2,Intel Core i5,0,256,AMD Radeon,AMD Radeon RX 6600M,Windows,84100.0
Acer,Notebook,14.3,64,2.56,0,0,128.0,Intel Core i5,1024,1024,Intel Integrated,Intel UHD Graphics,Windows,101300.0
HP,2 in 1 Convertible,12.2,16,2.54,1,1,131.6,Intel Core i5,0,512,Nvidia GeForce,Nvidia GeForce GTX 1650,Linux,72200.0
Dell,2 in 1 Convertible,13.3,16,1.93,0,0,213.2,AMD Ryzen 7,0,1024,Nvidia GeForce,Nvidia GeForce MX450,Windows,93100.0
MSI,2 in 1 Convertible,17.0,8,1.35,0,1,216.6,AMD Ryzen 5,1024,256,Intel Integrated,Intel Iris Xe Graphics,Windows,75500.0
Acer,Notebook,16.7,8,1.37,0,0,190.4,AMD Ryzen 7,0,1024,AMD Radeon,AMD Radeon RX 6600M,Linux,68400.0
Lenovo,Notebook,13.4,8,2.68,1,1,147.4,Intel Core i5,2048,2048,Nvidia GeForce,Nvidia GeForce MX450,Windows,77600.0
Dell,Gaming,11.6,32,1.25,0,0,158.2,Intel Core i5,2048,256,AMD Radeon,AMD Radeon RX 6600M,Windows,105100.0
Lenovo,Gaming,17.3,16,1.2,0,1,163.3,AMD Ryzen 5,1024,1024,Nvidia GeForce,Nvidia GeForce MX450,Windows,89600.0
MSI,Ultrabook,12.0,16,2.22,1,1,141.9,AMD Ryzen 7,500,1024,Intel Integrated,Intel UHD Graphics,Linux,91400.0
Acer,Notebook,17.1,16,1.68,0,0,218.7,Intel Core i3,0,512,Nvidia GeForce,Nvidia GeForce RTX 3060,Windows,73200.0
Lenovo,Gaming,12.0,8,1.51,0,0,168.8,Intel Core i5,1024,1024,AMD Radeon,AMD Radeon RX 6500M,No OS,79200.0
Acer,Notebook,14.0,8,1.33,0,1,193.3,Intel Core i7,0,512,Intel Integrated,Intel UHD Graphics,Windows,57500.0
Acer,Netbook,17.0,8,2.76,0,0,164.9,AMD Ryzen 5,0,512,AMD Radeon,AMD Radeon Vega 8,Windows,41000.0
Lenovo,Notebook,14.0,8,1.6,0,0,130.1,Intel Core i7,0,512,Nvidia GeForce,Nvidia GeForce RTX 4060,Windows,84800.0
Asus,Notebook,12.1,64,1.64,0,1,103.0,AMD Ryzen 5,0,512,Intel Integrated,Intel UHD Graphics,Windows,103300.0
Dell,Ultrabook,14.5,16,2.08,0,0,108.5,Intel Core i3,0,512,AMD Radeon,AMD Radeon RX 6600M,Windows,62700.0
Lenovo,Notebook,12.6,4,2.46,0,1,146.8,Intel Core i5,0,512,Intel Integrated,Intel UHD Graphics,Windows,49400.0
HP,Notebook,14.1,32,2.7,0,1,100.7,Intel Core i3,1024,1024,AMD Radeon,AMD Radeon RX 6500M,Windows,76900.0
HP,Gaming,14.8,8,2.34,0,0,152.5,Intel Core i5,1024,512,Nvidia GeForce,Nvidia GeForce RTX 3060,No OS,84400.0
MSI,2 in 1 Convertible,15.1,4,2.81,0,1,200.1,AMD Ryzen 5,0,512,Intel Integrated,Intel UHD Graphics,Linux,63500.0
Lenovo,Notebook,14.4,16,1.12,1,0,141.2,Intel Core i3,0,512,Intel Integrated,Intel UHD Graphics,Linux,52200.0
Dell,Notebook,12.8,16,2.06,1,1,148.6,Intel Core i7,0,2048,Nvidia GeForce,Nvidia GeForce GTX 1650,No OS,97600.0
Lenovo,Notebook,15.1,32,2.69,1,0,113.5,Intel Core i7,0,1024,Intel Integrated,Intel Iris Xe Graphics,Mac,91800.0
Asus,Netbook,16.9,16,2.47,0,1,151.3,Intel Core i5,1024,256,Intel Integrated,Intel UHD Graphics,Linux,46300.0
Asus,Gaming,13.6,8,1.85,0,0,170.9,AMD Ryzen 7,0,256,Nvidia GeForce,Nvidia GeForce RTX 3060,Linux,93400.0
Lenovo,Gaming,14.2,16,1.95,0,0,163.4,AMD Ryzen 5,500,512,Intel Integrated,Intel UHD Graphics,Windows,78500.0
HP,Notebook,16.3,8,2.49,0,1,174.7,Intel Core i7,0,256,Intel Integrated,Intel Iris Xe Graphics,Windows,62100.0
Asus,Notebook,11.6,8,2.12,0,0,187.7,Intel Core i7,0,128,Nvidia GeForce,Nvidia GeForce RTX 3050,Linux,70400.0
MSI,2 in 1 Convertible,16.2,8,1.54,0,0,121.1,AMD Ryzen 5,1024,256,Nvidia GeForce,Nvidia GeForce MX450,Windows,62200.0
Apple,Notebook,13.0,8,1.71,0,1,152.6,AMD Ryzen 5,0,512,Nvidia GeForce,Nvidia GeForce MX450,Windows,93900.0
HP,Notebook,13.9,8,2.2,0,0,206.4,AMD Ryzen 5,1024,1024,Intel Integrated,Intel UHD Graphics,Windows,59100.0
HP,Ultrabook,13.1,8,2.41,0,0,138.4,Intel Core i7,0,128,Intel Integrated,Intel UHD Graphics,Mac,60400.0
Acer,Notebook,12.2,16,1.4,1,1,201.0,Intel Core i5,500,256,Intel Integrated,Intel UHD Graphics,Windows,59600.0
Acer,Ultrabook,16.6,16,2.08,0,1,215.8,Intel Core i3,1024,128,AMD Radeon,AMD Radeon RX 6600M,Windows,73400.0
Acer,Ultrabook,13.2,8,2.28,0,1,188.6,Intel Core i3,500,1024,Intel Integrated,Intel UHD Graphics,Windows,57200.0
HP,Netbook,15.9,16,1.78,0,0,166.5,AMD Ryzen 5,1024,512,Intel Integrated,Intel Iris Xe Graphics,Windows,60800.0
HP,Ultrabook,11.9,8,2.42,0,1,106.6,Intel Core i5,0,256,AMD Radeon,AMD Radeon RX 6500M,Windows,61500.0
MSI,Ultrabook,14.6,8,1.1,1,0,176.1,AMD Ryzen 7,500,256,Intel Integrated,Intel Iris Xe Graphics,Windows,79900.0
Dell,2 in 1 Convertible,17.2,8,1.95,0,0,210.6,Intel Core i3,1024,512,Nvidia GeForce,Nvidia GeForce MX450,Windows,60700.0
Asus,Ultrabook,11.7,4,2.2,1,1,217.9,Intel Core i7,1024,1024,AMD Radeon,AMD Radeon RX 6600M,Windows,95700.0
Asus,Notebook,13.4,8,1.15,0,1,207.7,Intel Core i7,0,512,Nvidia GeForce,Nvidia GeForce RTX 3060,Windows,84100.0
Apple,Ultrabook,15.5,8,1.6,1,1,212.1,Intel Core i5,1024,256,Nvidia GeForce,Nvidia GeForce MX450,Windows,108900.0
Dell,Netbook,13.4,8,1.3,0,1,130.8,Intel Core i3,0,256,Intel Integrated,Intel UHD Graphics,Windows,41800.0
Asus,Gaming,12.0,16,2.91,0,1,166.8,AMD Ryzen 5,0,1024,Intel Integrated,Intel Iris Xe Graphics,Windows,79300.0
HP,Ultrabook,12.8,32,1.4,0,1,183.0,Intel Core i5,500,1024,Intel Integrated,Intel UHD Graphics,Windows,98700.0
HP,2 in 1 Convertible,11.8,32,1.32,0,0,200.4,Intel Core i7,500,256,Intel Integrated,Intel Iris Xe Graphics,Windows,94500.0
Dell,Notebook,12.7,4,2.29,0,1,123.2,Intel Core i5,0,256,Nvidia GeForce,Nvidia GeForce RTX 3050,Windows,62900.0
Apple,Notebook,14.1,8,1.84,0,1,111.3,Intel Core i7,0,512,Nvidia GeForce,Nvidia GeForce RTX 3050,No OS,103100.0
Lenovo,Ultrabook,16.3,8,1.24,0,0,207.6,AMD Ryzen 7,0,256,Intel Integrated,Intel UHD Graphics,Windows,73800.0
Dell,Netbook,12.3,16,1.85,0,1,149.5,Intel Core i7,0,128,Intel Integrated,Intel UHD Graphics,Windows,58800.0
Lenovo,Gaming,12.2,8,2.95,0,0,137.7,Intel Core i7,500,256,Intel Integrated,Intel Iris Xe Graphics,Linux,76800.0
HP,Notebook,12.3,16,2.21,0,0,143.6,Intel Core i7,0,1024,Intel Integrated,Intel Iris Xe Graphics,No OS,73300.0
MSI,Gaming,15.4,8,1.43,0,1,194.2,AMD Ryzen 5,1024,1024,Nvidia GeForce,Nvidia GeForce RTX 3050,Windows,103700.0
Dell,Ultrabook,15.0,4,1.62,0,0,207.4,AMD Ryzen 7,0,512,Nvidia GeForce,Nvidia GeForce RTX 3050,Linux,84400.0
HP,Ultrabook,11.7,8,2.63,0,1,153.7,Intel Core i5,0,512,Nvidia GeForce,Nvidia GeForce RTX 4060,Mac,89600.0
HP,Notebook,13.4,8,1.62,0,0,209.0,Intel Core i3,500,512,Intel Integrated,Intel Iris Xe Graphics,Windows,52100.0
Lenovo,Notebook,16.3,4,2.38,0,1,201.2,Intel Core i5,0,512,Intel Integrated,Intel Iris Xe Graphics,Windows,57200.0
Lenovo,2 in 1 Convertible,16.2,8,1.54,0,1,127.3,Intel Core i7,0,1024,AMD Radeon,AMD Radeon RX 6500M,Mac,77500.0
Apple,2 in 1 Convertible,16.0,8,2.64,0,0,154.8,AMD Ryzen 7,0,1024,Nvidia GeForce,Nvidia GeForce RTX 4060,Windows,143400.0
HP,Notebook,12.9,16,2.15,0,0,213.8,Intel Core i5,0,2048,AMD Radeon,AMD Radeon Vega 8,Linux,77700.0
HP,Notebook,12.3,16,1.23,0,0,166.6,Intel Core i7,1024,512,Nvidia GeForce,Nvidia GeForce RTX 3050,Windows,83400.0
Asus,Gaming,17.0,16,1.2,1,1,153.2,Intel Core i7,0,2048,Nvidia GeForce,Nvidia GeForce RTX 3060,Windows,132300.0
Acer,Notebook,13.0,32,2.55,0,1,209.3,AMD Ryzen 7,0,512,AMD Radeon,AMD Radeon RX 6500M,Windows,80900.0
HP,Gaming,13.0,8,2.11,0,1,114.2,Intel Core i7,0,256,Intel Integrated,Intel Iris Xe Graphics,Linux,82000.0
Dell,Ultrabook,14.8,16,2.0,0,0,137.3,Intel Core i7,0,512,Nvidia GeForce,Nvidia GeForce RTX 4060,Windows,102300.0
MSI,Notebook,13.3,32,1.71,0,0,198.9,Intel Core i3,1024,1024,Intel Integrated,Intel Iris Xe Graphics,Linux,88100.0
Dell,Gaming,14.9,16,2.03,0,1,111.0,Intel Core i3,0,1024,Nvidia GeForce,Nvidia GeForce MX450,Mac,76200.0
HP,Gaming,13.2,8,2.49,0,0,100.8,Intel Core i5,2048,128,Intel Integrated,Intel UHD Graphics,Windows,70500.0
HP,Notebook,13.5,4,1.36,0,0,127.7,Intel Core i5,500,1024,Nvidia GeForce,Nvidia GeForce RTX 3050,Windows,65300.0
Acer,Ultrabook,17.0,16,2.76,1,1,211.2,AMD Ryzen 5,0,512,Intel Integrated,Intel UHD Graphics,Windows,69100.0
HP,Gaming,16.6,8,1.29,1,0,166.2,Intel Core i5,500,256,AMD Radeon,AMD Radeon RX 6600M,Windows,73400.0
Dell,Ultrabook,13.0,32,1.29,0,0,139.4,Intel Core i7,0,512,Nvidia GeForce,Nvidia GeForce RTX 3050,Windows,110200.0
Asus,2 in 1 Convertible,16.1,32,2.96,0,1,149.5,AMD Ryzen 5,2048,256,AMD Radeon,AMD Radeon Vega 8,Windows,82900.0
Dell,2 in 1 Convertible,11.7,16,1.79,0,1,141.1,Intel Core i3,500,128,AMD Radeon,AMD Radeon RX 6500M,Windows,59100.0
Lenovo,Notebook,11.8,8,2.95,1,0,170.5,AMD Ryzen 5,0,512,Intel Integrated,Intel UHD Graphics,Windows,58000.0
Dell,Ultrabook,16.4,32,2.92,0,0,102.4,Intel Core i5,0,512,Intel Integrated,Intel UHD Graphics,Windows,79100.0
Dell,Notebook,14.0,16,2.01,0,0,172.6,Intel Core i5,1024,256,Nvidia GeForce,Nvidia GeForce RTX 3060,Windows,80700.0
Asus,Notebook,15.4,16,2.16,1,0,121.3,Intel Core i5,500,256,Intel Integrated,Intel Iris Xe Graphics,No OS,44500.0
Lenovo,Ultrabook,16.1,32,2.15,0,0,216.2,AMD Ryzen 5,0,1024,AMD Radeon,AMD Radeon Vega 8,Linux,84000.0
HP,Notebook,14.6,4,1.4,1,0,128.0,Intel Core i5,1024,512,Intel Integrated,Intel Iris Xe Graphics,Linux,50400.0
Lenovo,Notebook,14.3,16,2.25,0,0,135.3,Intel Core i5,0,512,Intel Integrated,Intel UHD Graphics,Windows,59600.0
HP,Ultrabook,17.2,8,2.23,0,1,110.8,AMD Ryzen 7,1024,512,Nvidia GeForce,Nvidia GeForce RTX 3050,Windows,85500.0
Acer,Notebook,13.4,32,2.71,0,1,202.1,Intel Core i5,0,128,AMD Radeon,AMD Radeon RX 6600M,No OS,73500.0
MSI,2 in 1 Convertible,13.4,8,2.52,0,0,175.6,AMD Ryzen 7,1024,512,Intel Integrated,Intel UHD Graphics,No OS,72900.0
HP,Notebook,12.7,16,1.22,1,1,129.6,Intel Core i5,500,128,Intel Integrated,Intel Iris Xe Graphics,Windows,60800.0
HP,Ultrabook,13.1,64,1.69,0,0,207.6,Intel Core i7,1024,512,Nvidia GeForce,Nvidia GeForce MX450,Windows,127800.0
Acer,Notebook,15.8,16,2.54,0,1,214.4,Intel Core i3,500,256,Nvidia GeForce,Nvidia GeForce MX450,Windows,52700.0
Asus,Ultrabook,16.1,8,1.84,0,0,150.3,Intel Core i5,0,128,Nvidia GeForce,Nvidia GeForce MX450,Windows,62600.0
Dell,2 in 1 Convertible,12.4,16,2.88,0,1,219.3,Intel Core i7,0,256,Intel Integrated,Intel UHD Graphics,Windows,79300.0
Asus,Gaming,12.3,8,2.94,1,1,154.3,AMD Ryzen 5,0,128,Intel Integrated,Intel UHD Graphics,No OS,65400.0
Lenovo,2 in 1 Convertible,14.2,8,1.4,0,0,102.7,Intel Core i5,500,1024,AMD Radeon,AMD Radeon RX 6600M,Windows,66400.0
Lenovo,Notebook,12.6,8,2.92,0,1,198.0,Intel Core i3,500,1024,Intel Integrated,Intel Iris Xe Graphics,Mac,45300.0
HP,Notebook,12.1,32,1.27,0,0,148.7,Intel Core i7,500,128,Nvidia GeForce,Nvidia GeForce RTX 4060,Windows,107900.0
Asus,Gaming,13.3,4,2.03,0,0,214.3,Intel Core i5,0,256,Intel Integrated,Intel Iris Xe Graphics,Windows,68800.0
Asus,Notebook,13.6,4,1.61,0,1,126.6,Intel Core i5,1024,512,Nvidia GeForce,Nvidia GeForce RTX 4060,Windows,74800.0
Acer,Gaming,15.3,4,2.86,0,0,148.3,Intel Core i3,1024,512,Nvidia GeForce,Nvidia GeForce RTX 3060,Windows,73300.0
Asus,Notebook,14.4,8,1.8,0,0,168.6,AMD Ryzen 7,2048,256,Nvidia GeForce,Nvidia GeForce RTX 4060,Windows,87500.0
Acer,Notebook,15.0,8,2.74,0,1,180.9,Intel Core i5,0,128,Intel Integrated,Intel UHD Graphics,Windows,39300.0
MSI,Ultrabook,16.7,8,1.82,0,0,166.4,Intel Core i5,1024,256,AMD Radeon,AMD Radeon RX 6500M,Windows,73700.0
HP,Ultrabook,13.7,8,2.12,0,0,205.7,Intel Core i5,0,512,AMD Radeon,AMD Radeon RX 6500M,Windows,63900.0
Asus,Notebook,13.0,32,2.9,0,0,125.7,Intel Core i3,0,256,Nvidia GeForce,Nvidia GeForce RTX 3060,Windows,84100.0
Lenovo,Gaming,13.4,16,2.1,0,1,101.4,Intel Core i5,0,128,Intel Integrated,Intel Iris Xe Graphics,Windows,70400.0
Lenovo,2 in 1 Convertible,16.3,8,1.55,0,0,189.3,Intel Core i7,500,128,Nvidia GeForce,Nvidia GeForce RTX 3060,Windows,89500.0
Acer,Notebook,11.8,8,2.81,1,1,184.1,Intel Core i7,1024,1024,AMD Radeon,AMD Radeon Vega 8,Windows,73900.0
HP,Notebook,12.6,16,1.58,0,0,217.8,Intel Core i5,0,128,AMD Radeon,AMD Radeon RX 6600M,Windows,62800.0
Lenovo,Ultrabook,12.5,8,1.33,0,1,123.6,Intel Core i5,2048,256,Nvidia GeForce,Nvidia GeForce RTX 3060,Windows,84600.0
Acer,Ultrabook,15.8,8,2.63,0,0,170.8,Intel Core i3,0,128,AMD Radeon,AMD Radeon RX 6600M,Windows,56300.0
Lenovo,2 in 1 Convertible,12.3,64,1.54,0,0,117.2,AMD Ryzen 5,500,256,AMD Radeon,AMD Radeon RX 6600M,Windows,106400.0
Acer,Notebook,15.4,32,1.21,0,1,152.5,Intel Core i5,0,256,Intel Integrated,Intel UHD Graphics,Mac,56900.0
Dell,Ultrabook,15.9,8,1.52,0,0,180.0,Intel Core i7,0,128,AMD Radeon,AMD Radeon Vega 8,Windows,70500.0
Asus,Notebook,14.9,8,1.26,1,0,108.7,AMD Ryzen 5,500,256,Intel Integrated,Intel Iris Xe Graphics,Linux,45400.0
Asus,Notebook,16.0,16,1.69,0,1,194.0,Intel Core i5,500,256,Intel Integrated,Intel Iris Xe Graphics,Windows,63200.0
Acer,2 in 1 Convertible,15.3,8,1.19,1,0,103.5,Intel Core i7,0,512,Intel Integrated,Intel UHD Graphics,Windows,65500.0
HP,2 in 1 Convertible,16.1,32,2.47,1,0,154.2,Intel Core i7,500,512,Intel Integrated,Intel Iris Xe Graphics,Windows,90800.0
MSI,Notebook,12.1,8,1.81,0,1,153.1,Intel Core i3,1024,256,Nvidia GeForce,Nvidia GeForce RTX 3060,Windows,67000.0
HP,Notebook,16.4,8,2.24,0,0,213.1,Intel Core i7,0,256,Intel Integrated,Intel Iris Xe Graphics,Mac,56800.0
Asus,Gaming,15.2,16,2.15,1,1,193.2,AMD Ryzen 5,0,256,AMD Radeon,AMD Radeon Vega 8,No OS,81500.0
Dell,2 in 1 Convertible,16.4,16,2.05,0,0,171.1,AMD Ryzen 5,0,256,Intel Integrated,Intel UHD Graphics,Windows,66000.0
Asus,Gaming,15.3,4,2.8,0,0,155.5,Intel Core i5,1024,1024,Intel Integrated,Intel UHD Graphics,Windows,66900.0
HP,Notebook,15.9,16,2.76,0,1,125.7,Intel Core i5,0,1024,AMD Radeon,AMD Radeon RX 6600M,Windows,73000.0
Lenovo,Gaming,15.0,16,2.19,0,0,171.6,Intel Core i5,0,128,AMD Radeon,AMD Radeon RX 6500M,Windows,73100.0
Acer,Gaming,14.2,16,1.81,0,1,182.6,Intel Core i7,500,512,Nvidia GeForce,Nvidia GeForce RTX 3060,Windows,106000.0
HP,Ultrabook,12.5,64,1.31,1,1,163.0,Intel Core i7,500,512,Intel Integrated,Intel UHD Graphics,Windows,138400.0
Apple,Notebook,16.0,16,2.24,0,1,195.4,Intel Core i3,0,512,Nvidia GeForce,Nvidia GeForce GTX 1650,Windows,100900.0
Dell,Netbook,14.0,8,2.45,0,1,154.5,Intel Core i7,1024,256,Nvidia GeForce,Nvidia GeForce GTX 1650,No OS,58200.0
Lenovo,Ultrabook,15.4,16,2.08,0,1,211.3,Intel Core i5,1024,256,Nvidia GeForce,Nvidia GeForce MX450,Windows,72900.0
MSI,Gaming,13.3,16,2.89,1,1,188.4,Intel Core i5,0,1024,Nvidia GeForce,Nvidia GeForce RTX 3050,Windows,113500.0
Lenovo,Ultrabook,13.7,16,2.59,0,1,124.5,Intel Core i5,0,512,Nvidia GeForce,Nvidia GeForce GTX 1650,Windows,79200.0
Asus,2 in 1 Convertible,16.2,4,1.82,0,0,172.2,AMD Ryzen 5,0,256,Nvidia GeForce,Nvidia GeForce RTX 3060,Mac,64000.0
Dell,Notebook,13.6,32,2.62,0,0,131.9,Intel Core i7,0,1024,Intel Integrated,Intel UHD Graphics,Windows,87000.0
Asus,Netbook,16.9,32,2.79,0,1,207.4,Intel Core i5,0,2048,AMD Radeon,AMD Radeon RX 6600M,No OS,96000.0
Lenovo,Notebook,16.0,16,2.36,0,0,174.1,Intel Core i5,2048,256,AMD Radeon,AMD Radeon RX 6500M,Windows,60700.0
HP,Ultrabook,13.9,16,2.13,0,0,159.5,Intel Core i5,1024,256,AMD Radeon,AMD Radeon Vega 8,Windows,63700.0
MSI,Notebook,12.8,16,1.63,0,0,115.8,Intel Core i5,0,512,Nvidia GeForce,Nvidia GeForce MX450,Windows,67300.0
Dell,Notebook,16.1,16,1.11,0,0,113.7,Intel Core i7,500,512,Nvidia GeForce,Nvidia GeForce RTX 4060,Windows,106400.0
Acer,Ultrabook,12.8,32,2.12,0,0,149.6,AMD Ryzen 5,1024,256,AMD Radeon,AMD Radeon Vega 8,Windows,71800.0
Lenovo,Gaming,16.1,16,2.83,1,0,148.3,Intel Core i3,0,256,Nvidia GeForce,Nvidia GeForce RTX 4060,Windows,86900.0
HP,2 in 1 Convertible,14.2,16,2.09,0,0,114.4,Intel Core i3,0,1024,Intel Integrated,Intel Iris Xe Graphics,Windows,64900.0
Dell,Notebook,14.4,16,1.74,0,1,184.5,Intel Core i5,0,1024,AMD Radeon,AMD Radeon Vega 8,Windows,67900.0
Asus,2 in 1 Convertible,12.8,32,2.54,0,1,131.5,Intel Core i5,0,1024,Intel Integrated,Intel Iris Xe Graphics,Mac,90000.0
Dell,Notebook,13.2,8,1.65,0,0,179.6,Intel Core i5,0,512,Intel Integrated,Intel Iris Xe Graphics,Windows,60500.0
Acer,2 in 1 Convertible,16.4,16,2.26,0,1,195.4,AMD Ryzen 7,500,512,Intel Integrated,Intel Iris Xe Graphics,Linux,73200.0
Apple,2 in 1 Convertible,17.0,4,1.6,0,1,160.6,Intel Core i7,0,256,Nvidia GeForce,Nvidia GeForce MX450,Windows,105700.0
Asus,Ultrabook,16.8,16,2.04,0,1,142.7,Intel Core i5,0,512,Nvidia GeForce,Nvidia GeForce RTX 3050,Windows,80100.0
MSI,Gaming,12.8,8,2.64,0,1,152.9,Intel Core i7,0,256,AMD Radeon,AMD Radeon Vega 8,Windows,82500.0
Asus,2 in 1 Convertible,14.3,8,1.58,0,1,139.0,Intel Core i5,500,512,Intel Integrated,Intel UHD Graphics,Windows,66700.0
Dell,Gaming,16.4,8,2.72,0,0,199.6,Intel Core i5,0,256,AMD Radeon,AMD Radeon RX 6600M,Mac,78300.0
Lenovo,Gaming,16.5,4,2.58,0,1,178.5,AMD Ryzen 7,0,128,Intel Integrated,Intel UHD Graphics,Windows,66600.0
HP,Ultrabook,16.6,32,1.61,0,0,213.9,AMD Ryzen 7,500,256,Intel Integrated,Intel UHD Graphics,Mac,84600.0
Lenovo,Notebook,12.6,32,1.12,0,0,111.5,Intel Core i5,500,128,Intel Integrated,Intel Iris Xe Graphics,Windows,69500.0
Acer,Notebook,14.3,4,2.24,0,0,162.1,AMD Ryzen 7,500,512,Intel Integrated,Intel Iris Xe Graphics,Windows,50000.0
HP,2 in 1 Convertible,13.6,16,3.0,0,1,183.6,Intel Core i5,0,256,Intel Integrated,Intel UHD Graphics,Windows,64500.0
HP,Ultrabook,11.9,64,2.46,0,0,153.8,Intel Core i7,0,256,Nvidia GeForce,Nvidia GeForce RTX 3060,Windows,135700.0
MSI,Notebook,15.4,8,1.95,0,0,185.9,Intel Core i7,1024,256,Intel Integrated,Intel UHD Graphics,Windows,72800.0
Apple,Notebook,16.8,32,2.96,1,0,112.7,Intel Core i3,500,256,Nvidia GeForce,Nvidia GeForce RTX 3050,Windows,116900.0
Asus,Notebook,15.6,8,2.68,0,1,125.2,Intel Core i3,500,512,Intel Integrated,Intel Iris Xe Graphics,Windows,33700.0
MSI,Notebook,14.2,4,2.26,0,0,165.3,Intel Core i7,500,128,AMD Radeon,AMD Radeon RX 6600M,Windows,64900.0
HP,Notebook,14.4,64,2.68,0,0,155.7,AMD Ryzen 7,0,256,Nvidia GeForce,Nvidia GeForce GTX 1650,No OS,108100.0
HP,2 in 1 Convertible,14.0,8,2.31,0,0,171.2,Intel Core i5,0,256,AMD Radeon,AMD Radeon RX 6500M,Windows,54100.0
Lenovo,2 in 1 Convertible,12.2,16,1.74,0,1,129.8,Intel Core i7,0,256,Nvidia GeForce,Nvidia GeForce GTX 1650,Linux,71600.0
Dell,Gaming,14.6,8,1.75,0,1,159.5,AMD Ryzen 5,0,512,Intel Integrated,Intel UHD Graphics,Windows,78800.0
Dell,Notebook,12.5,64,1.87,0,0,118.4,Intel Core i5,0,128,AMD Radeon,AMD Radeon Vega 8,Windows,91400.0
Dell,Gaming,13.9,8,1.81,0,0,129.0,Intel Core i5,1024,128,Intel Integrated,Intel Iris Xe Graphics,Windows,73700.0
Dell,Notebook,12.5,32,1.99,0,0,216.6,AMD Ryzen 5,0,512,Intel Integrated,Intel Iris Xe Graphics,Windows,75800.0
Lenovo,Notebook,13.8,16,1.83,0,1,204.7,Intel Core i3,0,256,Nvidia GeForce,Nvidia GeForce GTX 1650,Windows,56600.0
MSI,Notebook,14.1,4,2.02,0,0,115.9,Intel Core i5,1024,512,AMD Radeon,AMD Radeon RX 6600M,Windows,60800.0
Lenovo,Ultrabook,17.0,16,2.43,1,0,208.3,AMD Ryzen 7,0,1024,Intel Integrated,Intel Iris Xe Graphics,Windows,93500.0
Acer,Ultrabook,15.6,8,1.4,0,1,213.8,Intel Core i3,0,512,AMD Radeon,AMD Radeon Vega 8,Windows,53300.0
Apple,Notebook,17.1,16,1.88,0,0,133.0,Intel Core i3,0,512,Nvidia GeForce,Nvidia GeForce GTX 1650,Windows,100400.0
Lenovo,2 in 1 Convertible,16.1,8,2.46,1,0,120.7,Intel Core i3,0,512,AMD Radeon,AMD Radeon RX 6500M,Windows,52700.0
Asus,Ultrabook,12.4,16,1.13,0,0,175.5,AMD Ryzen 5,0,256,Nvidia GeForce,Nvidia GeForce RTX 4060,No OS,88000.0
Dell,Notebook,12.4,16,1.99,0,1,172.6,Intel Core i7,0,128,AMD Radeon,AMD Radeon RX 6500M,Windows,74600.0
Apple,Gaming,13.1,16,2.61,0,0,211.9,Intel Core i5,0,256,Nvidia GeForce,Nvidia GeForce RTX 3060,No OS,131000.0
Dell,Gaming,17.0,4,2.48,0,1,142.6,AMD Ryzen 5,1024,128,Intel Integrated,Intel Iris Xe Graphics,Mac,63600.0
HP,Notebook,14.0,16,1.98,0,1,147.9,Intel Core i7,0,256,Nvidia GeForce,Nvidia GeForce RTX 4060,Windows,94600.0
Asus,Notebook,11.6,4,2.55,0,0,158.6,Intel Core i7,1024,1024,Intel Integrated,Intel UHD Graphics,No OS,55500.0
Acer,Notebook,12.3,16,2.16,0,1,175.0,AMD Ryzen 7,0,512,Nvidia GeForce,Nvidia GeForce RTX 3050,Windows,79300.0
Dell,Ultrabook,13.2,16,2.47,1,0,219.3,AMD Ryzen 7,500,1024,Intel Integrated,Intel UHD Graphics,Windows,93100.0
Lenovo,2 in 1 Convertible,12.5,64,1.33,0,1,129.4,Intel Core i7,1024,1024,Nvidia GeForce,Nvidia GeForce RTX 3060,Linux,150000.0
Acer,Notebook,15.2,4,1.18,1,0,188.3,AMD Ryzen 5,1024,1024,AMD Radeon,AMD Radeon RX 6600M,Windows,68200.0
Dell,2 in 1 Convertible,14.6,32,2.63,0,0,151.3,Intel Core i5,0,1024,Intel Integrated,Intel Iris Xe Graphics,Windows,83000.0
HP,Ultrabook,14.0,16,2.5,0,1,167.5,AMD Ryzen 7,500,256,Intel Integrated,Intel UHD Graphics,Mac,74100.0
Dell,Notebook,15.7,4,2.64,0,1,112.0,Intel Core i7,1024,512,Intel Integrated,Intel Iris Xe Graphics,Windows,50700.0
MSI,Notebook,17.1,32,2.3,0,0,102.2,Intel Core i3,0,1024,Intel Integrated,Intel Iris Xe Graphics,Windows,73500.0
HP,Notebook,14.1,8,2.75,0,1,163.8,Intel Core i3,2048,512,Nvidia GeForce,Nvidia GeForce RTX 3060,Linux,63400.0
Dell,Notebook,12.2,16,2.39,1,1,212.6,Intel Core i3,500,128,Intel Integrated,Intel UHD Graphics,Windows,54500.0
Dell,2 in 1 Convertible,14.3,16,2.86,0,0,195.7,Intel Core i5,500,256,Nvidia GeForce,Nvidia GeForce MX450,Windows,74700.0
Lenovo,Ultrabook,14.4,16,2.46,0,1,116.3,Intel Core i3,2048,2048,Intel Integrated,Intel UHD Graphics,Linux,88100.0
Lenovo,Notebook,13.8,16,1.34,0,1,152.7,AMD Ryzen 7,0,512,AMD Radeon,AMD Radeon RX 6600M,Windows,76000.0
HP,Ultrabook,16.3,8,2.73,1,1,147.7,Intel Core i5,0,256,Intel Integrated,Intel Iris Xe Graphics,Mac,67000.0
MSI,Notebook,17.0,8,1.2,0,1,171.7,Intel Core i5,500,128,Intel Integrated,Intel Iris Xe Graphics,Windows,60300.0
Dell,Notebook,16.8,4,2.5,0,1,207.1,Intel Core i7,0,512,Nvidia GeForce,Nvidia GeForce GTX 1650,Linux,65700.0
Asus,Notebook,16.7,8,2.17,0,1,116.9,Intel Core i5,1024,512,AMD Radeon,AMD Radeon Vega 8,Windows,51600.0
Apple,Ultrabook,14.6,16,1.95,0,0,138.0,Intel Core i5,500,128,Intel Integrated,Intel UHD Graphics,Windows,111400.0
HP,2 in 1 Convertible,15.8,32,2.65,1,0,110.4,Intel Core i5,0,256,AMD Radeon,AMD Radeon RX 6600M,Windows,84900.0
Lenovo,Gaming,14.4,4,2.26,0,0,190.9,Intel Core i5,0,256,Intel Integrated,Intel UHD Graphics,No OS,60700.0
MSI,Ultrabook,13.1,8,1.61,0,1,158.7,Intel Core i5,0,256,Intel Integrated,Intel UHD Graphics,Windows,66800.0
HP,Notebook,15.6,16,1.28,0,0,173.5,Intel Core i3,0,1024,Intel Integrated,Intel UHD Graphics,Windows,54800.0
Dell,2 in 1 Convertible,12.4,32,1.13,0,0,124.1,Intel Core i3,0,512,AMD Radeon,AMD Radeon Vega 8,Windows,75800.0
Lenovo,Notebook,14.3,32,1.86,0,1,194.1,Intel Core i7,0,1024,Nvidia GeForce,Nvidia GeForce RTX 4060,Windows,128800.0
Dell,Gaming,14.0,8,1.54,1,1,166.4,Intel Core i7,0,512,Nvidia GeForce,Nvidia GeForce MX450,Windows,91600.0
Lenovo,Ultrabook,12.4,16,1.56,0,0,191.5,Intel Core i5,500,512,Nvidia GeForce,Nvidia GeForce GTX 1650,Windows,72700.0
HP,Gaming,14.4,32,2.76,0,0,175.6,Intel Core i5,1024,128,Intel Integrated,Intel UHD Graphics,Windows,91700.0
Asus,Notebook,16.5,8,2.93,0,1,187.4,Intel Core i5,1024,512,Nvidia GeForce,Nvidia GeForce GTX 1650,Linux,56500.0
MSI,Gaming,14.5,8,2.44,0,0,128.6,AMD Ryzen 5,500,1024,AMD Radeon,AMD Radeon Vega 8,Mac,76700.0
Lenovo,Notebook,16.5,16,2.62,0,1,139.9,AMD Ryzen 5,0,256,Intel Integrated,Intel Iris Xe Graphics,Windows,52900.0
Asus,Ultrabook,12.3,16,1.29,1,1,138.7,AMD Ryzen 7,1024,1024,Nvidia GeForce,Nvidia GeForce RTX 3050,Windows,101100.0
Lenovo,Gaming,16.9,4,2.91,1,0,143.2,AMD Ryzen 5,1024,512,Nvidia GeForce,Nvidia GeForce MX450,No OS,61800.0
Lenovo,Gaming,16.3,8,1.92,0,0,211.1,AMD Ryzen 5,0,256,Intel Integrated,Intel UHD Graphics,No OS,61900.0
Asus,2 in 1 Convertible,14.9,8,2.66,0,0,118.5,Intel Core i5,1024,512,Intel Integrated,Intel Iris Xe Graphics,No OS,53900.0
HP,Gaming,16.8,8,2.83,0,1,133.8,AMD Ryzen 7,500,128,AMD Radeon,AMD Radeon RX 6500M,Windows,83000.0
HP,Ultrabook,16.1,64,1.21,1,0,166.1,Intel Core i5,0,512,Intel Integrated,Intel UHD Graphics,Windows,115700.0
Acer,Notebook,14.0,8,2.73,0,1,117.0,Intel Core i7,0,1024,AMD Radeon,AMD Radeon RX 6500M,Windows,79400.0
HP,Notebook,16.0,16,1.7,0,1,192.3,Intel Core i5,500,512,Intel Integrated,Intel UHD Graphics,Linux,56400.0
Dell,Notebook,16.3,8,2.24,0,0,208.5,Intel Core i7,2048,512,AMD Radeon,AMD Radeon RX 6500M,Windows,76200.0
Dell,2 in 1 Convertible,15.4,8,1.76,0,1,117.1,Intel Core i5,0,512,AMD Radeon,AMD Radeon Vega 8,Windows,57300.0
Lenovo,Notebook,15.8,16,2.33,0,0,120.6,Intel Core i5,0,256,Nvidia GeForce,Nvidia GeForce GTX 1650,Windows,66800.0
Dell,Gaming,16.1,8,1.65,1,1,183.7,Intel Core i3,500,512,Intel Integrated,Intel Iris Xe Graphics,Windows,80200.0
Acer,Notebook,13.3,8,2.52,1,0,135.6,AMD Ryzen 5,500,2048,Nvidia GeForce,Nvidia GeForce RTX 3050,Windows,72100.0
Asus,Gaming,16.5,64,1.61,0,0,181.2,Intel Core i5,500,2048,Nvidia GeForce,Nvidia GeForce RTX 4060,Linux,165000.0
HP,Notebook,13.1,8,2.2,0,0,155.3,Intel Core i3,0,128,Nvidia GeForce,Nvidia GeForce MX450,Windows,39000.0
Asus,2 in 1 Convertible,15.5,8,1.98,1,0,159.8,AMD Ryzen 7,500,512,Intel Integrated,Intel UHD Graphics,Windows,67600.0
Dell,2 in 1 Convertible,11.7,32,2.29,0,0,101.1,Intel Core i5,500,256,Intel Integrated,Intel Iris Xe Graphics,Windows,86400.0
Acer,Notebook,12.0,16,1.22,0,1,205.8,Intel Core i7,0,128,Nvidia GeForce,Nvidia GeForce MX450,Windows,65200.0
Lenovo,Gaming,14.4,16,2.13,0,1,164.1,Intel Core i7,0,1024,Intel Integrated,Intel Iris Xe Graphics,Linux,102500.0
Apple,Notebook,14.9,32,1.86,0,1,140.3,Intel Core i3,500,2048,Nvidia GeForce,Nvidia GeForce RTX 3060,Windows,144400.0
Acer,Gaming,16.8,8,2.91,1,0,119.1,Intel Core i5,500,512,AMD Radeon,AMD Radeon RX 6600M,Windows,82200.0
Dell,Ultrabook,13.5,4,1.46,1,0,219.7,Intel Core i7,0,512,Intel Integrated,Intel Iris Xe Graphics,Windows,76500.0
Acer,Notebook,13.6,32,2.81,1,1,115.3,AMD Ryzen 5,2048,512,AMD Radeon,AMD Radeon Vega 8,Windows,68400.0
HP,Notebook,16.6,16,2.17,0,1,159.5,Intel Core i3,0,256,Nvidia GeForce,Nvidia GeForce GTX 1650,Windows,55600.0
Dell,Notebook,15.4,32,1.87,0,1,204.5,Intel Core i7,0,1024,Nvidia GeForce,Nvidia GeForce RTX 3050,No OS,107900.0
HP,Notebook,16.8,32,2.05,0,0,168.8,Intel Core i3,0,256,Nvidia GeForce,Nvidia GeForce RTX 3060,Windows,82200.0
Lenovo,Gaming,12.9,8,1.79,1,0,190.6,AMD Ryzen 5,500,256,Nvidia GeForce,Nvidia GeForce MX450,No OS,71100.0
HP,2 in 1 Convertible,14.1,16,1.95,0,0,105.8,AMD Ryzen 5,500,512,Intel Integrated,Intel Iris Xe Graphics,Windows,68300.0
Dell,Ultrabook,14.2,8,2.48,0,0,189.8,Intel Core i5,500,512,Nvidia GeForce,Nvidia GeForce MX450,Windows,64900.0
MSI,Notebook,13.8,8,2.71,0,1,104.6,Intel Core i3,1024,256,Nvidia GeForce,Nvidia GeForce RTX 3060,Windows,66100.0
Acer,Notebook,12.4,4,1.19,0,0,144.3,AMD Ryzen 5,500,256,Intel Integrated,Intel Iris Xe Graphics,Windows,43300.0
Acer,Netbook,11.8,8,1.47,0,0,181.5,Intel Core i5,1024,512,Nvidia GeForce,Nvidia GeForce GTX 1650,Windows,53200.0
Acer,Ultrabook,17.2,16,1.15,0,0,195.8,AMD Ryzen 5,1024,512,Intel Integrated,Intel UHD Graphics,Windows,72200.0
HP,Ultrabook,14.2,16,2.77,1,0,101.8,Intel Core i5,500,512,Nvidia GeForce,Nvidia GeForce MX450,Mac,66300.0
Dell,Notebook,14.4,4,1.45,1,1,188.8,Intel Core i5,500,256,Intel Integrated,Intel Iris Xe Graphics,Windows,53700.0
Asus,Ultrabook,12.8,8,1.11,0,1,195.3,Intel Core i5,0,2048,Nvidia GeForce,Nvidia GeForce RTX 3050,Windows,110700.0
Asus,Gaming,12.9,32,2.74,0,0,145.2,Intel Core i7,0,512,Nvidia GeForce,Nvidia GeForce RTX 3060,Mac,116100.0
Acer,Notebook,17.0,64,1.27,0,0,193.2,Intel Core i7,1024,512,Intel Integrated,Intel Iris Xe Graphics,Windows,111200.0
MSI,Gaming,12.5,16,2.47,0,0,149.0,Intel Core i3,500,1024,AMD Radeon,AMD Radeon Vega 8,No OS,77900.0
HP,Notebook,13.7,8,2.06,1,1,206.8,Intel Core i7,1024,512,AMD Radeon,AMD Radeon RX 6500M,Windows,80100.0
Lenovo,Notebook,12.4,16,2.38,1,1,159.2,AMD Ryzen 5,0,256,Intel Integrated,Intel UHD Graphics,Windows,60100.0
Asus,2 in 1 Convertible,13.5,8,2.06,0,1,104.6,AMD Ryzen 5,0,512,Intel Integrated,Intel Iris Xe Graphics,No OS,51500.0
MSI,Gaming,15.8,8,2.68,0,1,109.8,Intel Core i5,0,512,Intel Integrated,Intel UHD Graphics,Windows,76700.0
Acer,Notebook,16.5,4,2.69,0,1,118.3,Intel Core i3,0,256,Intel Integrated,Intel Iris Xe Graphics,Windows,32100.0
Lenovo,Gaming,14.4,8,1.4,0,1,118.4,Intel Core i5,1024,512,Intel Integrated,Intel Iris Xe Graphics,Linux,82400.0
HP,Gaming,15.0,8,1.15,0,0,200.1,Intel Core i5,1024,512,Nvidia GeForce,Nvidia GeForce RTX 3050,Windows,88900.0
Acer,Ultrabook,12.7,32,1.48,0,0,174.7,Intel Core i7,0,256,Intel Integrated,Intel UHD Graphics,Linux,88700.0
MSI,Notebook,13.1,16,1.46,0,1,211.1,Intel Core i5,1024,512,Nvidia GeForce,Nvidia GeForce RTX 4060,Windows,101200.0
Lenovo,Notebook,16.7,8,1.38,0,1,123.4,Intel Core i5,0,1024,Nvidia GeForce,Nvidia GeForce GTX 1650,Windows,66200.0
Lenovo,Ultrabook,15.5,16,2.77,0,0,125.7,Intel Core i3,1024,128,Nvidia GeForce,Nvidia GeForce RTX 4060,Windows,84500.0
Asus,Notebook,15.0,32,2.53,0,0,206.9,Intel Core i7,0,1024,AMD Radeon,AMD Radeon RX 6600M,Windows,100000.0
Apple,Gaming,13.6,16,2.38,1,0,205.0,AMD Ryzen 7,1024,512,Intel Integrated,Intel UHD Graphics,Linux,132400.0
Dell,Gaming,12.0,16,1.16,1,0,111.2,Intel Core i7,0,512,Intel Integrated,Intel Iris Xe Graphics,Windows,86900.0
MSI,Gaming,14.9,16,2.86,0,0,185.6,Intel Core i3,0,256,Intel Integrated,Intel Iris Xe Graphics,Windows,79500.0
Lenovo,2 in 1 Convertible,12.4,16,1.95,0,0,144.7,Intel Core i3,0,256,Nvidia GeForce,Nvidia GeForce RTX 4060,Windows,77900.0
Lenovo,Notebook,17.1,64,1.94,0,0,165.7,Intel Core i7,0,256,Intel Integrated,Intel UHD Graphics,Windows,105400.0
Asus,Gaming,13.8,32,2.16,0,1,214.3,AMD Ryzen 5,0,128,AMD Radeon,AMD Radeon RX 6600M,No OS,94500.0
Dell,Netbook,12.0,4,1.77,1,0,149.2,Intel Core i7,1024,128,AMD Radeon,AMD Radeon RX 6600M,Windows,62700.0
Dell,Ultrabook,14.8,32,2.86,0,1,152.7,Intel Core i7,0,256,AMD Radeon,AMD Radeon Vega 8,Linux,95300.0
Apple,Ultrabook,13.9,32,2.51,1,1,145.9,Intel Core i5,500,256,Intel Integrated,Intel UHD Graphics,Mac,129900.0
MSI,Notebook,16.0,4,2.37,0,0,203.5,AMD Ryzen 5,500,128,Intel Integrated,Intel Iris Xe Graphics,Windows,49900.0
Acer,Notebook,17.1,4,2.2,1,0,159.8,Intel Core i5,0,512,Intel Integrated,Intel UHD Graphics,Windows,47900.0
Acer,Gaming,17.0,16,2.89,0,1,217.2,Intel Core i7,500,128,Nvidia GeForce,Nvidia GeForce RTX 4060,Windows,106600.0
HP,Ultrabook,16.8,16,2.51,1,0,107.5,Intel Core i7,500,256,Nvidia GeForce,Nvidia GeForce RTX 4060,Windows,100100.0
MSI,Notebook,13.8,16,2.54,1,1,193.2,Intel Core i5,0,128,Intel Integrated,Intel Iris Xe Graphics,Windows,73400.0
HP,Notebook,11.9,8,2.87,0,0,112.2,Intel Core i5,0,512,Intel Integrated,Intel Iris Xe Graphics,No OS,39400.0
HP,Ultrabook,16.1,16,1.31,0,0,161.2,Intel Core i7,0,1024,Intel Integrated,Intel UHD Graphics,Windows,79000.0
Asus,Notebook,13.4,64,1.76,0,1,216.5,AMD Ryzen 7,0,512,Nvidia GeForce,Nvidia GeForce RTX 4060,Windows,146200.0
HP,2 in 1 Convertible,13.2,8,1.67,0,0,187.2,AMD Ryzen 5,0,512,Nvidia GeForce,Nvidia GeForce RTX 4060,Windows,82800.0
Dell,Notebook,13.2,16,2.65,0,0,129.4,AMD Ryzen 7,1024,128,Intel Integrated,Intel UHD Graphics,Windows,61100.0
Dell,Gaming,12.9,32,2.0,0,1,130.5,Intel Core i5,0,1024,Intel Integrated,Intel Iris Xe Graphics,Windows,103000.0
Dell,Notebook,11.9,64,1.37,0,0,113.0,Intel Core i7,2048,512,Nvidia GeForce,Nvidia GeForce GTX 1650,Windows,116700.0
Asus,Notebook,15.2,16,2.74,0,1,102.3,Intel Core i7,0,512,Nvidia GeForce,Nvidia GeForce RTX 3050,Windows,81700.0
HP,Ultrabook,14.2,8,2.22,0,1,202.1,Intel Core i7,1024,512,AMD Radeon,AMD Radeon RX 6600M,No OS,82200.0
Dell,Notebook,16.5,8,1.11,0,1,195.9,Intel Core i3,1024,256,Nvidia GeForce,Nvidia GeForce GTX 1650,Mac,59600.0
HP,Notebook,15.8,8,2.96,0,1,212.0,Intel Core i5,0,1024,Nvidia GeForce,Nvidia GeForce MX450,Windows,61200.0
Apple,Gaming,16.6,8,1.7,0,0,187.0,Intel Core i5,500,256,Intel Integrated,Intel UHD Graphics,Windows,116300.0
Acer,Notebook,16.0,16,1.71,0,0,154.3,AMD Ryzen 5,1024,512,AMD Radeon,AMD Radeon Vega 8,Windows,61300.0
Apple,2 in 1 Convertible,13.3,16,1.29,1,1,110.5,Intel Core i7,500,512,Intel Integrated,Intel UHD Graphics,Windows,127000.0
HP,Notebook,15.4,4,2.0,0,1,217.5,Intel Core i5,0,1024,AMD Radeon,AMD Radeon RX 6500M,Windows,63500.0
Apple,Notebook,12.3,8,2.92,0,1,184.6,Intel Core i5,0,1024,Nvidia GeForce,Nvidia GeForce GTX 1650,Windows,108100.0
MSI,Notebook,14.0,8,2.82,1,0,109.7,Intel Core i7,500,256,Intel Integrated,Intel UHD Graphics,Windows,64400.0
Asus,2 in 1 Convertible,13.9,32,1.39,1,0,126.8,Intel Core i5,1024,2048,AMD Radeon,AMD Radeon Vega 8,Windows,107400.0
Lenovo,Notebook,13.9,8,1.86,0,0,212.8,Intel Core i5,1024,512,AMD Radeon,AMD Radeon RX 6500M,Windows,52700.0
HP,Notebook,17.3,8,2.78,0,0,165.2,AMD Ryzen 5,0,1024,Intel Integrated,Intel UHD Graphics,Windows,49000.0
Dell,Notebook,16.2,16,2.88,0,1,160.9,AMD Ryzen 5,0,512,Intel Integrated,Intel UHD Graphics,Linux,49400.0
Lenovo,Gaming,17.1,4,2.81,0,0,202.2,AMD Ryzen 7,500,512,Nvidia GeForce,Nvidia GeForce GTX 1650,Windows,76800.0
Asus,Notebook,12.3,32,2.18,0,1,155.7,AMD Ryzen 5,0,512,Intel Integrated,Intel Iris Xe Graphics,Windows,73700.0
Acer,Ultrabook,13.0,32,1.92,1,0,100.5,Intel Core i5,1024,256,Intel Integrated,Intel UHD Graphics,Windows,77800.0
Apple,Notebook,17.0,16,1.68,0,0,102.8,Intel Core i5,0,512,Intel Integrated,Intel Iris Xe Graphics,Windows,97400.0
Acer,Gaming,14.3,32,1.74,0,1,195.6,Intel Core i7,0,256,Nvidia GeForce,Nvidia GeForce MX450,No OS,95200.0
Acer,Notebook,12.6,4,1.83,1,0,124.8,AMD Ryzen 7,1024,128,Intel Integrated,Intel Iris Xe Graphics,Windows,55900.0
Asus,Notebook,16.3,4,2.6,0,1,155.0,Intel Core i5,0,512,AMD Radeon,AMD Radeon RX 6500M,Windows,55100.0
Dell,2 in 1 Convertible,15.6,16,2.69,0,1,160.6,AMD Ryzen 5,0,1024,Intel Integrated,Intel Iris Xe Graphics,Windows,72300.0
Dell,2 in 1 Convertible,13.6,16,1.24,0,1,173.0,AMD Ryzen 7,0,2048,Intel Integrated,Intel Iris Xe Graphics,Windows,103000.0
MSI,Notebook,11.8,32,2.52,1,0,149.9,Intel Core i5,500,256,Intel Integrated,Intel UHD Graphics,Windows,75900.0
HP,Ultrabook,13.1,32,1.98,0,1,139.5,Intel Core i7,500,256,Nvidia GeForce,Nvidia GeForce GTX 1650,Linux,97200.0
MSI,Ultrabook,14.3,64,2.16,0,0,145.9,Intel Core i7,0,128,Intel Integrated,Intel UHD Graphics,Windows,125000.0
Asus,Ultrabook,12.8,8,1.24,0,0,137.4,Intel Core i3,0,1024,AMD Radeon,AMD Radeon RX 6500M,No OS,61500.0
Lenovo,Notebook,12.3,16,1.87,0,1,196.6,Intel Core i5,1024,1024,Nvidia GeForce,Nvidia GeForce RTX 3050,Mac,80000.0
Asus,Notebook,17.3,4,1.41,1,0,206.4,Intel Core i7,0,128,Nvidia GeForce,Nvidia GeForce MX450,Windows,68100.0
Acer,2 in 1 Convertible,14.5,16,1.31,0,0,151.8,Intel Core i7,0,256,Intel Integrated,Intel UHD Graphics,Windows,69400.0
Acer,Netbook,12.5,4,2.75,0,0,119.2,Intel Core i5,0,256,Nvidia GeForce,Nvidia GeForce RTX 3060,Windows,52400.0
Acer,Gaming,12.9,8,2.71,0,1,170.5,Intel Core i5,0,1024,Nvidia GeForce,Nvidia GeForce RTX 4060,Windows,101000.0
Dell,Notebook,13.7,64,2.99,0,1,106.2,Intel Core i3,2048,256,Nvidia GeForce,Nvidia GeForce RTX 3060,Windows,113200.0
Lenovo,Notebook,15.9,8,2.85,0,0,194.8,AMD Ryzen 5,0,256,Nvidia GeForce,Nvidia GeForce GTX 1650,Mac,45900.0
Lenovo,Netbook,16.4,16,2.75,0,1,131.3,Intel Core i3,0,512,Intel Integrated,Intel UHD Graphics,No OS,36200.0
MSI,Notebook,16.7,32,2.54,0,0,163.8,Intel Core i5,1024,1024,Nvidia GeForce,Nvidia GeForce MX450,Windows,94700.0
Lenovo,Ultrabook,17.2,16,2.59,0,1,186.0,Intel Core i5,0,512,Intel Integrated,Intel UHD Graphics,No OS,65700.0
Asus,2 in 1 Convertible,14.4,8,1.42,0,1,113.3,Intel Core i5,500,256,Intel Integrated,Intel UHD Graphics,Windows,62400.0
Lenovo,Notebook,16.1,8,1.98,0,1,198.1,Intel Core i7,0,512,Intel Integrated,Intel Iris Xe Graphics,Windows,70500.0
Lenovo,Ultrabook,11.7,32,2.25,0,1,209.8,AMD Ryzen 7,2048,1024,Intel Integrated,Intel Iris Xe Graphics,Windows,111400.0
Asus,Notebook,12.6,8,2.5,0,0,202.8,Intel Core i7,500,512,Nvidia GeForce,Nvidia GeForce RTX 4060,Windows,93500.0
Lenovo,Notebook,14.4,4,1.34,0,1,211.0,AMD Ryzen 5,0,256,AMD Radeon,AMD Radeon Vega 8,Windows,47200.0
Asus,Notebook,12.3,32,2.71,0,0,184.6,Intel Core i5,0,128,Intel Integrated,Intel UHD Graphics,Windows,60100.0
Apple,Notebook,13.1,16,1.28,0,0,174.7,Intel Core i5,0,1024,Nvidia GeForce,Nvidia GeForce RTX 4060,Mac,140000.0
Asus,Notebook,12.2,16,1.86,0,1,186.9,Intel Core i5,0,128,Nvidia GeForce,Nvidia GeForce GTX 1650,Windows,64000.0
MSI,Notebook,15.3,4,1.56,0,0,211.4,Intel Core i5,0,1024,Nvidia GeForce,Nvidia GeForce RTX 3050,No OS,75800.0
Acer,Notebook,16.6,8,1.49,0,1,209.9,Intel Core i5,500,512,Nvidia GeForce,Nvidia GeForce RTX 3060,Windows,67200.0
HP,Ultrabook,13.5,16,2.13,1,0,128.6,AMD Ryzen 5,0,512,AMD Radeon,AMD Radeon Vega 8,Windows,77600.0
Acer,Notebook,15.1,16,2.99,0,0,113.0,Intel Core i7,1024,512,Nvidia GeForce,Nvidia GeForce RTX 3050,Windows,70000.0
HP,Notebook,12.7,4,2.38,0,1,176.4,AMD Ryzen 7,0,128,Intel Integrated,Intel UHD Graphics,Windows,52800.0
Apple,Notebook,14.7,4,2.55,0,1,106.2,Intel Core i5,0,128,AMD Radeon,AMD Radeon Vega 8,Windows,85200.0
Asus,Gaming,13.5,16,2.74,0,0,208.0,Intel Core i3,0,256,Intel Integrated,Intel Iris Xe Graphics,Mac,64100.0
HP,2 in 1 Convertible,15.9,8,1.91,0,0,186.7,Intel Core i5,2048,1024,Intel Integrated,Intel Iris Xe Graphics,Mac,73300.0
Apple,Notebook,16.3,8,1.73,0,0,169.5,Intel Core i7,1024,256,AMD Radeon,AMD Radeon Vega 8,Windows,100500.0
Dell,Notebook,13.6,16,2.26,0,1,172.2,AMD Ryzen 7,0,512,AMD Radeon,AMD Radeon Vega 8,Windows,72200.0
Lenovo,2 in 1 Convertible,12.0,32,1.51,0,0,193.9,AMD Ryzen 5,0,512,Nvidia GeForce,Nvidia GeForce RTX 3060,Mac,103400.0
Asus,Notebook,11.6,8,1.63,0,0,141.7,Intel Core i7,0,1024,Intel Integrated,Intel Iris Xe Graphics,Windows,64300.0
HP,2 in 1 Convertible,14.7,8,1.24,0,1,173.7,Intel Core i7,500,512,Intel Integrated,Intel UHD Graphics,Windows,72900.0
MSI,2 in 1 Convertible,16.8,32,2.01,1,1,160.3,Intel Core i5,2048,512,Nvidia GeForce,Nvidia GeForce RTX 4060,No OS,121200.0
Asus,Notebook,15.1,16,2.74,0,0,100.6,Intel Core i7,0,512,Intel Integrated,Intel Iris Xe Graphics,Windows,66400.0
Lenovo,Gaming,14.4,8,1.26,0,0,173.8,AMD Ryzen 7,0,256,AMD Radeon,AMD Radeon RX 6500M,Windows,87800.0
Dell,2 in 1 Convertible,12.1,16,1.35,1,0,109.9,Intel Core i7,1024,128,Nvidia GeForce,Nvidia GeForce MX450,Mac,76400.0
Lenovo,Gaming,15.0,8,2.17,0,1,217.8,Intel Core i5,0,1024,Nvidia GeForce,Nvidia GeForce RTX 3060,Windows,104300.0
Asus,Ultrabook,12.6,32,2.93,0,0,206.2,AMD Ryzen 5,1024,512,AMD Radeon,AMD Radeon RX 6500M,No OS,83500.0
HP,Ultrabook,13.3,16,2.55,0,0,101.4,Intel Core i5,2048,512,AMD Radeon,AMD Radeon RX 6600M,No OS,71400.0
Lenovo,Netbook,12.8,8,1.68,0,0,218.7,AMD Ryzen 5,0,256,Nvidia GeForce,Nvidia GeForce GTX 1650,Windows,61100.0
Asus,Notebook,13.4,16,1.51,0,0,101.0,AMD Ryzen 7,2048,512,Intel Integrated,Intel Iris Xe Graphics,Windows,67500.0
Lenovo,Gaming,15.3,4,1.3,0,0,121.4,Intel Core i7,0,1024,Nvidia GeForce,Nvidia GeForce RTX 3050,Windows,94800.0
Asus,Notebook,13.5,16,1.99,1,0,194.8,Intel Core i3,500,256,Nvidia GeForce,Nvidia GeForce MX450,Windows,50500.0
Acer,Gaming,12.4,16,2.57,0,1,106.0,Intel Core i7,1024,256,Intel Integrated,Intel UHD Graphics,Mac,78900.0
MSI,2 in 1 Convertible,17.0,16,1.41,1,1,203.7,Intel Core i7,0,512,Nvidia GeForce,Nvidia GeForce MX450,Windows,84200.0
HP,Gaming,14.2,64,1.6,0,1,179.6,AMD Ryzen 5,0,1024,AMD Radeon,AMD Radeon Vega 8,Windows,126500.0
HP,Ultrabook,14.6,16,1.68,0,0,122.4,Intel Core i7,0,512,Intel Integrated,Intel UHD Graphics,Linux,74700.0
Acer,Notebook,17.2,8,1.39,0,1,199.9,Intel Core i5,0,512,AMD Radeon,AMD Radeon RX 6600M,Windows,57600.0
Apple,Ultrabook,13.0,64,2.02,0,0,129.3,AMD Ryzen 5,1024,512,Intel Integrated,Intel Iris Xe Graphics,Windows,160100.0
Dell,Ultrabook,14.2,16,1.99,0,1,167.2,Intel Core i5,500,128,Nvidia GeForce,Nvidia GeForce RTX 4060,Windows,99300.0
Acer,Netbook,16.0,8,1.57,0,0,166.2,Intel Core i7,500,512,Intel Integrated,Intel Iris Xe Graphics,Windows,46700.0
Lenovo,Notebook,14.2,16,1.84,0,0,154.9,Intel Core i3,0,512,Nvidia GeForce,Nvidia GeForce RTX 4060,Mac,78900.0
Acer,Notebook,13.5,8,1.24,1,1,165.1,AMD Ryzen 5,1024,1024,Intel Integrated,Intel Iris Xe Graphics,Windows,64600.0
HP,Ultrabook,13.0,4,1.87,0,0,135.6,Intel Core i5,1024,2048,Intel Integrated,Intel UHD Graphics,Windows,77800.0
Asus,Notebook,16.4,16,1.87,0,1,101.5,Intel Core i3,0,512,Intel Integrated,Intel UHD Graphics,Windows,41000.0
HP,Notebook,14.7,32,1.19,1,1,174.0,Intel Core i7,0,256,Nvidia GeForce,Nvidia GeForce RTX 4060,Windows,119600.0
Asus,2 in 1 Convertible,14.4,8,1.65,0,1,163.7,Intel Core i7,1024,512,AMD Radeon,AMD Radeon RX 6500M,Windows,85800.0
Acer,Gaming,16.7,8,2.81,0,1,165.7,Intel Core i5,0,256,Intel Integrated,Intel UHD Graphics,Windows,61600.0
Lenovo,Notebook,12.2,32,2.84,0,1,126.0,Intel Core i5,1024,256,Nvidia GeForce,Nvidia GeForce RTX 3050,Windows,74600.0
Dell,Gaming,14.4,8,2.0,0,1,177.9,Intel Core i5,0,512,Intel Integrated,Intel UHD Graphics,Windows,74200.0
Asus,2 in 1 Convertible,16.5,32,1.61,0,0,133.4,AMD Ryzen 7,0,512,Intel Integrated,Intel UHD Graphics,Linux,86700.0
Lenovo,Gaming,14.0,4,1.18,0,1,109.5,Intel Core i5,500,256,Intel Integrated,Intel UHD Graphics,Windows,71000.0
HP,Gaming,16.2,8,2.52,0,1,191.7,AMD Ryzen 7,0,256,Intel Integrated,Intel Iris Xe Graphics,Windows,80200.0
Dell,Notebook,11.9,32,2.71,1,1,160.6,Intel Core i5,500,512,Nvidia GeForce,Nvidia GeForce RTX 4060,Windows,111500.0
Lenovo,Notebook,16.4,16,1.71,0,0,111.3,Intel Core i7,0,128,Nvidia GeForce,Nvidia GeForce RTX 4060,Windows,86900.0
Lenovo,2 in 1 Convertible,13.0,8,2.71,0,1,125.7,Intel Core i7,2048,256,AMD Radeon,AMD Radeon Vega 8,Windows,67700.0
Asus,Notebook,16.4,32,1.36,0,0,190.5,Intel Core i7,1024,256,Intel Integrated,Intel Iris Xe Graphics,Windows,80200.0
HP,Gaming,14.1,4,2.84,0,0,163.0,Intel Core i3,500,1024,Intel Integrated,Intel Iris Xe Graphics,Linux,69900.0
Asus,2 in 1 Convertible,16.2,32,2.18,0,0,139.3,Intel Core i7,0,256,AMD Radeon,AMD Radeon RX 6500M,Windows,96700.0
HP,Ultrabook,14.5,4,1.71,0,0,197.4,AMD Ryzen 5,500,1024,Nvidia GeForce,Nvidia GeForce RTX 4060,Windows,96300.0
Apple,Notebook,13.5,8,2.28,0,1,191.4,Intel Core i7,1024,512,Intel Integrated,Intel Iris Xe Graphics,Linux,113700.0
Acer,Notebook,12.7,8,2.49,0,0,117.4,Intel Core i3,0,512,Intel Integrated,Intel UHD Graphics,Mac,37800.0
Dell,Netbook,14.2,8,1.66,0,1,214.6,Intel Core i5,1024,2048,AMD Radeon,AMD Radeon RX 6600M,Windows,80700.0
Lenovo,Gaming,16.0,8,2.23,1,0,156.7,AMD Ryzen 5,0,512,Intel Integrated,Intel UHD Graphics,Windows,66400.0
Dell,Gaming,17.1,8,2.07,0,1,117.4,Intel Core i7,0,1024,Nvidia GeForce,Nvidia GeForce GTX 1650,Mac,89200.0
MSI,Notebook,15.2,8,2.16,0,1,215.2,Intel Core i5,0,512,Nvidia GeForce,Nvidia GeForce RTX 3060,Windows,85000.0
Lenovo,Notebook,17.0,32,1.26,0,0,149.3,AMD Ryzen 5,0,512,Intel Integrated,Intel UHD Graphics,Windows,73000.0
Apple,2 in 1 Convertible,17.1,16,1.37,1,0,187.6,Intel Core i7,0,1024,Intel Integrated,Intel UHD Graphics,Windows,125800.0
Dell,Netbook,14.1,16,2.37,0,0,190.6,AMD Ryzen 5,0,512,Intel Integrated,Intel Iris Xe Graphics,Windows,56700.0
Dell,Notebook,14.8,8,2.46,0,0,151.1,AMD Ryzen 5,0,256,Intel Integrated,Intel UHD Graphics,Windows,45300.0
Dell,2 in 1 Convertible,16.5,16,2.19,1,1,206.8,Intel Core i7,2048,2048,Intel Integrated,Intel Iris Xe Graphics,Windows,108300.0
Lenovo,2 in 1 Convertible,15.5,16,2.45,1,0,173.6,Intel Core i5,0,128,Intel Integrated,Intel UHD Graphics,Windows,69100.0
Acer,Ultrabook,13.5,16,2.46,0,0,120.4,Intel Core i5,500,256,Intel Integrated,Intel Iris Xe Graphics,Windows,65300.0
Dell,Gaming,11.8,8,1.69,0,0,114.4,Intel Core i7,0,512,AMD Radeon,AMD Radeon Vega 8,Windows,86300.0
Acer,Notebook,11.9,8,1.91,0,1,128.5,Intel Core i7,1024,1024,Intel Integrated,Intel UHD Graphics,Windows,67200.0
Dell,Notebook,16.9,8,1.22,0,1,109.2,Intel Core i5,0,1024,Intel Integrated,Intel UHD Graphics,Linux,51200.0
Lenovo,Notebook,12.2,8,2.89,0,1,144.0,Intel Core i3,0,2048,Nvidia GeForce,Nvidia GeForce GTX 1650,Windows,71100.0
Acer,Gaming,17.3,16,1.51,1,0,104.3,Intel Core i5,2048,1024,Intel Integrated,Intel Iris Xe Graphics,No OS,79600.0
Asus,2 in 1 Convertible,17.0,16,2.14,0,0,124.1,Intel Core i5,0,256,Intel Integrated,Intel Iris Xe Graphics,Windows,57700.0
Acer,Notebook,15.7,16,2.14,0,1,144.0,Intel Core i5,0,1024,Nvidia GeForce,Nvidia GeForce GTX 1650,Windows,65800.0
Dell,2 in 1 Convertible,14.8,8,1.37,0,1,146.2,Intel Core i5,0,512,Intel Integrated,Intel UHD Graphics,Windows,62000.0
Asus,Gaming,14.8,32,2.38,0,1,121.7,Intel Core i7,500,2048,Nvidia GeForce,Nvidia GeForce GTX 1650,Windows,130100.0
HP,Notebook,12.7,32,2.78,0,1,143.0,Intel Core i3,500,1024,Intel Integrated,Intel Iris Xe Graphics,Windows,70800.0
HP,Notebook,12.7,16,2.45,0,0,209.1,AMD Ryzen 7,0,256,AMD Radeon,AMD Radeon RX 6600M,Windows,64000.0
Lenovo,Gaming,14.8,8,2.34,0,1,117.6,Intel Core i7,0,1024,Intel Integrated,Intel Iris Xe Graphics,Windows,95200.0
HP,Gaming,12.6,16,1.88,0,1,212.5,Intel Core i3,0,1024,Nvidia GeForce,Nvidia GeForce MX450,Windows,86000.0
MSI,Gaming,14.7,16,1.4,0,1,210.9,AMD Ryzen 5,0,256,Intel Integrated,Intel Iris Xe Graphics,Windows,89500.0
Apple,Notebook,14.7,16,2.13,0,0,106.2,Intel Core i5,500,256,Nvidia GeForce,Nvidia GeForce RTX 3050,Linux,103700.0
Asus,Gaming,13.2,8,2.29,0,1,122.4,Intel Core i5,1024,512,Nvidia GeForce,Nvidia GeForce RTX 4060,Linux,95800.0
Dell,Ultrabook,14.8,32,2.99,0,0,122.3,Intel Core i3,500,512,Nvidia GeForce,Nvidia GeForce GTX 1650,Windows,86600.0
Lenovo,Notebook,15.3,32,1.26,0,1,175.8,Intel Core i3,0,512,Intel Integrated,Intel Iris Xe Graphics,Linux,63800.0
MSI,Gaming,16.7,8,1.54,0,1,113.1,Intel Core i5,0,128,Nvidia GeForce,Nvidia GeForce MX450,Windows,69700.0
Lenovo,Gaming,13.1,8,2.49,1,0,101.2,Intel Core i5,0,256,Intel Integrated,Intel UHD Graphics,Windows,64600.0
Asus,Ultrabook,13.5,8,1.5,0,0,141.6,Intel Core i3,500,256,Intel Integrated,Intel Iris Xe Graphics,Windows,64700.0
HP,Notebook,15.5,8,2.13,1,0,177.0,AMD Ryzen 7,0,256,Nvidia GeForce,Nvidia GeForce RTX 3050,Windows,69000.0
Apple,Gaming,12.0,16,1.55,0,1,205.5,Intel Core i5,0,256,AMD Radeon,AMD Radeon RX 6600M,Windows,137600.0
Dell,Notebook,12.9,64,2.48,0,0,162.0,Intel Core i5,1024,512,AMD Radeon,AMD Radeon RX 6500M,Windows,107900.0
Dell,Notebook,15.5,16,1.32,0,0,152.0,Intel Core i3,500,512,Nvidia GeForce,Nvidia GeForce GTX 1650,Windows,55100.0
Lenovo,Ultrabook,15.4,4,2.04,0,0,215.3,Intel Core i5,0,256,Nvidia GeForce,Nvidia GeForce RTX 4060,Linux,83300.0
HP,Notebook,11.9,32,2.97,1,1,135.4,Intel Core i5,500,256,Intel Integrated,Intel UHD Graphics,Linux,71200.0
Asus,Notebook,15.7,4,3.0,1,0,130.9,Intel Core i5,0,256,Intel Integrated,Intel UHD Graphics,Windows,49100.0
Lenovo,Gaming,14.8,32,1.54,1,0,197.6,AMD Ryzen 7,0,256,Nvidia GeForce,Nvidia GeForce GTX 1650,Windows,117700.0
Lenovo,Notebook,15.1,8,2.29,0,0,139.6,Intel Core i5,0,1024,Intel Integrated,Intel Iris Xe Graphics,Mac,59700.0
Lenovo,Notebook,15.1,16,1.97,0,1,192.1,AMD Ryzen 5,2048,256,AMD Radeon,AMD Radeon Vega 8,Windows,59200.0
HP,Notebook,15.7,16,2.43,0,0,134.2,Intel Core i7,500,256,Intel Integrated,Intel Iris Xe Graphics,Windows,61600.0
HP,Notebook,16.9,8,2.09,0,1,140.2,AMD Ryzen 5,0,1024,Intel Integrated,Intel Iris Xe Graphics,Windows,61300.0
HP,Notebook,15.9,16,2.65,0,1,177.7,Intel Core i3,0,256,AMD Radeon,AMD Radeon RX 6500M,Linux,55500.0
Asus,Ultrabook,14.6,32,1.55,0,0,171.5,Intel Core i5,0,256,Intel Integrated,Intel UHD Graphics,Linux,76600.0
Lenovo,Notebook,16.1,4,2.97,1,1,113.4,Intel Core i5,0,256,AMD Radeon,AMD Radeon Vega 8,Linux,40600.0
Lenovo,Gaming,13.7,32,1.28,0,1,127.1,Intel Core i7,0,256,Intel Integrated,Intel UHD Graphics,Windows,97800.0
MSI,Gaming,13.4,8,2.72,0,0,124.8,Intel Core i7,1024,256,Nvidia GeForce,Nvidia GeForce RTX 3060,Windows,98500.0
Dell,2 in 1 Convertible,14.8,32,2.68,0,0,110.0,AMD Ryzen 7,0,512,Intel Integrated,Intel UHD Graphics,Windows,82100.0
Apple,Notebook,13.8,8,1.18,0,0,210.9,Intel Core i7,500,1024,Intel Integrated,Intel UHD Graphics,Linux,108900.0
Lenovo,2 in 1 Convertible,12.8,32,1.86,0,1,110.9,Intel Core i7,0,128,AMD Radeon,AMD Radeon RX 6500M,Windows,87400.0
Acer,Netbook,12.9,8,2.89,0,1,173.5,Intel Core i5,500,512,AMD Radeon,AMD Radeon RX 6600M,No OS,54300.0
Apple,Ultrabook,16.0,64,1.78,0,1,119.2,Intel Core i3,1024,1024,Nvidia GeForce,Nvidia GeForce MX450,Windows,152700.0
Lenovo,Ultrabook,13.0,4,2.88,0,0,156.7,Intel Core i5,0,128,Intel Integrated,Intel UHD Graphics,Windows,55600.0
HP,Gaming,17.2,64,2.11,1,1,145.0,Intel Core i5,0,256,Nvidia GeForce,Nvidia GeForce RTX 3060,Windows,140500.0
Lenovo,Ultrabook,14.4,4,2.8,1,0,114.4,Intel Core i3,500,512,Nvidia GeForce,Nvidia GeForce GTX 1650,Windows,62300.0
Dell,Ultrabook,14.4,8,1.45,0,0,159.9,Intel Core i7,0,2048,Nvidia GeForce,Nvidia GeForce MX450,Windows,91400.0
Asus,Netbook,13.7,8,1.48,0,1,130.0,Intel Core i7,0,512,Nvidia GeForce,Nvidia GeForce GTX 1650,Windows,65600.0
Acer,Netbook,16.7,32,2.62,0,0,174.7,Intel Core i3,0,1024,Nvidia GeForce,Nvidia GeForce GTX 1650,Linux,65500.0
Lenovo,Gaming,12.6,16,2.97,0,1,158.9,Intel Core i3,0,1024,AMD Radeon,AMD Radeon RX 6600M,Windows,83700.0
HP,Gaming,12.0,32,1.92,0,1,131.9,AMD Ryzen 5,0,2048,Nvidia GeForce,Nvidia GeForce RTX 3050,Windows,127800.0
Acer,Notebook,12.7,8,2.16,0,0,110.2,Intel Core i5,0,512,Intel Integrated,Intel Iris Xe Graphics,Windows,39800.0
Asus,Gaming,12.2,32,2.16,0,0,116.3,Intel Core i5,0,256,Intel Integrated,Intel UHD Graphics,Windows,84600.0
Dell,Gaming,15.3,4,1.71,1,1,187.6,Intel Core i5,0,128,Intel Integrated,Intel UHD Graphics,Windows,76800.0
Acer,2 in 1 Convertible,12.4,8,1.64,1,0,103.2,Intel Core i7,0,256,Nvidia GeForce,Nvidia GeForce RTX 3050,Mac,73100.0
Apple,2 in 1 Convertible,13.9,16,2.6,0,1,101.6,Intel Core i5,0,256,Intel Integrated,Intel UHD Graphics,Mac,100000.0
Dell,Notebook,15.8,64,2.23,1,0,104.4,Intel Core i7,1024,256,Intel Integrated,Intel Iris Xe Graphics,Windows,109000.0
Dell,2 in 1 Convertible,11.7,8,1.43,0,0,131.1,Intel Core i5,0,512,Intel Integrated,Intel UHD Graphics,Windows,59000.0
Dell,Notebook,16.7,4,2.65,0,1,180.6,Intel Core i5,0,256,Nvidia GeForce,Nvidia GeForce MX450,Windows,47900.0
MSI,Netbook,13.8,4,2.48,1,0,116.3,AMD Ryzen 5,1024,1024,Intel Integrated,Intel UHD Graphics,Windows,60100.0
Dell,2 in 1 Convertible,14.6,8,1.69,0,0,206.2,Intel Core i7,1024,512,Intel Integrated,Intel Iris Xe Graphics,Windows,75300.0
HP,Ultrabook,14.6,16,2.1,0,0,208.9,Intel Core i5,0,256,Intel Integrated,Intel Iris Xe Graphics,Windows,69400.0
Apple,Gaming,11.7,8,2.4,0,1,135.1,AMD Ryzen 7,500,512,AMD Radeon,AMD Radeon RX 6500M,No OS,117200.0
Dell,Notebook,16.2,16,2.69,0,0,210.6,Intel Core i3,0,1024,Nvidia GeForce,Nvidia GeForce RTX 4060,Windows,86700.0
Acer,2 in 1 Convertible,15.8,32,1.95,0,0,129.6,Intel Core i3,0,512,Intel Integrated,Intel UHD Graphics,Windows,70400.0
Acer,Notebook,15.3,8,2.42,0,1,140.4,Intel Core i7,1024,256,Nvidia GeForce,Nvidia GeForce RTX 4060,Windows,84000.0
HP,2 in 1 Convertible,12.0,8,2.11,1,1,190.4,AMD Ryzen 7,2048,1024,Nvidia GeForce,Nvidia GeForce MX450,Windows,85200.0
HP,Notebook,14.5,8,2.59,1,1,153.5,Intel Core i5,500,512,Nvidia GeForce,Nvidia GeForce GTX 1650,Windows,69500.0
Apple,Gaming,12.7,16,1.73,0,0,113.6,AMD Ryzen 5,0,256,Nvidia GeForce,Nvidia GeForce MX450,Windows,116400.0
Acer,Notebook,15.4,16,1.16,0,0,108.7,Intel Core i5,500,128,Intel Integrated,Intel Iris Xe Graphics,Mac,46600.0
Acer,2 in 1 Convertible,13.8,16,2.05,1,1,209.4,Intel Core i5,0,1024,Intel Integrated,Intel Iris Xe Graphics,Windows,87500.0
MSI,Ultrabook,15.5,16,1.44,0,0,159.3,Intel Core i7,0,256,AMD Radeon,AMD Radeon RX 6500M,Windows,90700.0
HP,Ultrabook,16.0,8,1.88,0,0,103.1,Intel Core i5,0,512,Intel Integrated,Intel UHD Graphics,No OS,52500.0
Dell,Gaming,15.4,16,1.6,0,0,124.0,Intel Core i3,0,512,Nvidia GeForce,Nvidia GeForce GTX 1650,Linux,82100.0
Apple,Notebook,12.6,8,1.56,0,0,203.7,Intel Core i7,1024,128,Intel Integrated,Intel UHD Graphics,Windows,94400.0
HP,Ultrabook,12.7,32,2.95,0,0,154.6,Intel Core i7,0,256,AMD Radeon,AMD Radeon Vega 8,Windows,90300.0
MSI,Gaming,16.7,16,2.5,0,0,194.0,Intel Core i5,0,512,Nvidia GeForce,Nvidia GeForce RTX 4060,Linux,118900.0
Asus,Notebook,14.7,8,1.71,0,0,218.3,Intel Core i3,0,512,AMD Radeon,AMD Radeon RX 6600M,Windows,49600.0
Lenovo,Gaming,14.6,8,1.57,0,0,144.4,Intel Core i5,0,256,Nvidia GeForce,Nvidia GeForce RTX 3060,Windows,86400.0
Lenovo,Ultrabook,14.5,16,2.35,0,0,118.8,Intel Core i7,0,1024,Intel Integrated,Intel Iris Xe Graphics,Windows,86200.0
Asus,Gaming,15.6,16,1.84,0,1,139.9,AMD Ryzen 7,0,128,Intel Integrated,Intel Iris Xe Graphics,Mac,82000.0
Dell,Gaming,16.3,32,2.76,0,1,109.3,Intel Core i5,0,128,Nvidia GeForce,Nvidia GeForce GTX 1650,Windows,89200.0
MSI,Notebook,15.2,8,1.22,0,1,111.9,Intel Core i3,1024,256,Nvidia GeForce,Nvidia GeForce RTX 4060,Windows,69100.0
Dell,Ultrabook,17.2,8,1.78,0,0,148.5,Intel Core i7,2048,128,Intel Integrated,Intel UHD Graphics,Linux,66000.0
Dell,Notebook,13.0,16,2.43,1,0,162.2,Intel Core i7,0,512,Intel Integrated,Intel UHD Graphics,Windows,70700.0
HP,Ultrabook,15.0,8,1.76,0,1,117.9,AMD Ryzen 5,0,1024,Intel Integrated,Intel Iris Xe Graphics,Linux,72200.0
Dell,Notebook,15.9,8,2.99,0,1,157.6,AMD Ryzen 5,1024,1024,Intel Integrated,Intel Iris Xe Graphics,Windows,60100.0
Acer,Notebook,12.2,32,2.13,0,0,120.0,AMD Ryzen 5,0,256,Intel Integrated,Intel Iris Xe Graphics,Windows,61700.0
Dell,Notebook,12.7,16,2.62,0,1,176.4,Intel Core i7,0,512,Nvidia GeForce,Nvidia GeForce MX450,No OS,64100.0
Asus,2 in 1 Convertible,11.8,8,1.81,0,0,127.0,Intel Core i7,1024,512,Intel Integrated,Intel UHD Graphics,Windows,77500.0
Dell,Notebook,12.8,8,1.53,0,1,152.6,AMD Ryzen 5,0,512,Intel Integrated,Intel Iris Xe Graphics,Windows,54000.0
HP,2 in 1 Convertible,17.1,8,2.7,1,0,201.5,Intel Core i5,0,512,Nvidia GeForce,Nvidia GeForce RTX 3060,Windows,79400.0
MSI,Ultrabook,17.2,8,1.97,0,0,117.2,AMD Ryzen 7,0,2048,Intel Integrated,Intel Iris Xe Graphics,Windows,91300.0
Acer,Gaming,16.0,16,1.27,0,1,131.1,Intel Core i7,0,512,Intel Integrated,Intel UHD Graphics,Mac,86300.0
Dell,Ultrabook,17.2,16,2.93,0,1,184.8,AMD Ryzen 5,1024,512,Nvidia GeForce,Nvidia GeForce GTX 1650,Mac,81100.0
Lenovo,Ultrabook,12.7,16,2.15,0,0,171.6,AMD Ryzen 7,0,1024,Nvidia GeForce,Nvidia GeForce RTX 3050,Mac,93600.0
Acer,Notebook,12.3,16,2.97,0,1,136.4,AMD Ryzen 5,0,512,Intel Integrated,Intel UHD Graphics,Windows,52500.0
Asus,2 in 1 Convertible,14.1,16,2.62,0,0,173.6,Intel Core i7,500,512,Nvidia GeForce,Nvidia GeForce GTX 1650,Windows,83000.0
Lenovo,Gaming,12.6,4,1.76,0,0,159.1,Intel Core i5,0,512,AMD Radeon,AMD Radeon Vega 8,Windows,64500.0
Asus,Ultrabook,15.3,8,1.71,0,0,199.7,Intel Core i5,1024,512,AMD Radeon,AMD Radeon RX 6600M,Windows,76500.0
Asus,Notebook,16.5,16,1.88,0,1,105.1,AMD Ryzen 7,0,256,Nvidia GeForce,Nvidia GeForce GTX 1650,No OS,58400.0
HP,Notebook,16.8,16,1.51,1,1,110.4,AMD Ryzen 5,0,256,Nvidia GeForce,Nvidia GeForce RTX 4060,Windows,83400.0
Lenovo,Notebook,13.9,4,2.69,0,0,204.4,Intel Core i7,0,256,Nvidia GeForce,Nvidia GeForce RTX 4060,Windows,83700.0
MSI,Gaming,15.9,16,1.73,0,0,133.8,Intel Core i7,2048,1024,Intel Integrated,Intel UHD Graphics,Windows,103900.0
HP,Notebook,14.4,16,2.92,0,1,213.0,AMD Ryzen 5,0,256,Intel Integrated,Intel UHD Graphics,Windows,55700.0
Lenovo,Gaming,15.7,8,1.37,0,1,176.6,Intel Core i7,500,256,Intel Integrated,Intel UHD Graphics,Windows,78100.0
HP,Ultrabook,13.6,16,2.24,0,1,136.9,Intel Core i3,1024,1024,Intel Integrated,Intel Iris Xe Graphics,Windows,73300.0
Lenovo,Notebook,13.9,16,2.71,0,1,141.7,Intel Core i5,500,256,Intel Integrated,Intel UHD Graphics,Windows,60700.0
HP,Notebook,17.2,16,1.37,0,0,105.1,Intel Core i5,1024,512,Intel Integrated,Intel Iris Xe Graphics,Windows,58900.0
Apple,Notebook,16.4,16,2.87,1,1,178.9,Intel Core i5,0,256,Intel Integrated,Intel Iris Xe Graphics,Windows,102100.0
HP,Gaming,16.5,16,2.3,0,1,146.9,AMD Ryzen 5,500,512,AMD Radeon,AMD Radeon Vega 8,Windows,77200.0
MSI,Notebook,16.7,8,2.22,0,0,153.3,Intel Core i5,1024,128,Intel Integrated,Intel UHD Graphics,Windows,56500.0
Dell,Gaming,15.0,8,1.62,0,1,176.6,Intel Core i7,1024,1024,AMD Radeon,AMD Radeon RX 6500M,No OS,94400.0
Asus,Ultrabook,15.3,8,1.67,1,0,141.6,AMD Ryzen 5,0,512,Intel Integrated,Intel UHD Graphics,Windows,61900.0
Lenovo,Notebook,14.7,8,2.15,0,0,159.8,AMD Ryzen 5,1024,256,Intel Integrated,Intel Iris Xe Graphics,Windows,54700.0
Lenovo,Gaming,12.3,8,1.18,0,0,167.1,AMD Ryzen 7,0,256,Nvidia GeForce,Nvidia GeForce GTX 1650,No OS,76800.0
Acer,2 in 1 Convertible,15.2,8,1.64,0,1,120.8,Intel Core i7,0,512,Intel Integrated,Intel UHD Graphics,Windows,60900.0
Lenovo,Ultrabook,13.1,4,1.88,0,1,136.9,Intel Core i7,1024,256,Nvidia GeForce,Nvidia GeForce GTX 1650,Mac,75200.0
HP,Notebook,15.1,8,2.43,0,0,164.2,Intel Core i7,2048,256,AMD Radeon,AMD Radeon Vega 8,Windows,60000.0
Dell,Notebook,16.7,32,1.78,1,1,196.7,Intel Core i5,0,256,AMD Radeon,AMD Radeon RX 6600M,No OS,82900.0
Lenovo,Ultrabook,16.6,8,1.4,0,1,191.4,Intel Core i5,500,256,Intel Integrated,Intel UHD Graphics,Windows,70300.0
MSI,Notebook,14.2,64,1.48,0,1,204.2,Intel Core i5,1024,512,Nvidia GeForce,Nvidia GeForce RTX 3060,Windows,137600.0
MSI,Netbook,15.2,8,1.35,0,1,206.8,Intel Core i7,0,512,AMD Radeon,AMD Radeon RX 6600M,Windows,79200.0
Dell,Ultrabook,12.9,64,1.84,1,0,122.7,Intel Core i7,500,1024,Intel Integrated,Intel UHD Graphics,Windows,134700.0
MSI,Notebook,14.4,16,1.55,0,0,153.6,Intel Core i5,0,128,Intel Integrated,Intel Iris Xe Graphics,Mac,64400.0
Acer,2 in 1 Convertible,12.8,16,2.02,1,0,211.8,Intel Core i5,0,512,Intel Integrated,Intel Iris Xe Graphics,Windows,76300.0
Dell,Notebook,12.9,8,1.54,0,1,194.4,Intel Core i5,500,2048,Intel Integrated,Intel UHD Graphics,Windows,74400.0
Asus,Notebook,16.7,16,2.33,0,0,203.5,Intel Core i5,0,256,Intel Integrated,Intel Iris Xe Graphics,Windows,59200.0
Lenovo,Notebook,14.0,8,1.89,0,1,192.9,Intel Core i7,1024,128,Nvidia GeForce,Nvidia GeForce MX450,Mac,61600.0
HP,Ultrabook,14.3,8,2.79,0,0,213.6,AMD Ryzen 7,0,512,Intel Integrated,Intel UHD Graphics,Linux,65400.0
HP,Ultrabook,16.8,8,1.23,0,0,178.2,Intel Core i3,0,256,Intel Integrated,Intel UHD Graphics,Windows,48600.0
HP,Ultrabook,15.8,16,1.85,0,1,143.7,Intel Core i7,500,512,Nvidia GeForce,Nvidia GeForce RTX 4060,Windows,111300.0
Dell,Notebook,12.9,8,2.12,0,1,146.3,AMD Ryzen 7,1024,512,Nvidia GeForce,Nvidia GeForce RTX 4060,Windows,83900.0
